Model,Metrics,Values,MetricType
VDWave_ART_Mimic,(i) $I(V;\acute{\Theta} \mid X)$,0.001356365670582098,fft
VDWave_ART_Mimic,(i) $I(V;\acute{\Theta} \mid X)$,0.0013847942677869438,fft
VDWave_ART_Mimic,(i) $I(V;\acute{\Theta} \mid X)$,0.0014075772274158719,fft
VDWave_ART_Mimic,(i) $I(V;\acute{\Theta} \mid X)$,0.0013401040650287835,fft
VDWave_ART_Mimic,(i) $I(V;\acute{\Theta} \mid X)$,0.0016559212424556169,fft
VDWave_ART_Mimic,(i) $I(V;\acute{\Theta} \mid X)$,0.0012753741909001782,fft
VDWave_ART_Mimic,(i) $I(V;\acute{\Theta} \mid X)$,0.0015240526683846988,fft
VDWave_ART_Mimic,(i) $I(V;\acute{\Theta} \mid X)$,0.0015125079099894182,fft
VDWave_ART_Mimic,(i) $I(V;\acute{\Theta} \mid X)$,0.00106724375629753,fft
VDWave_ART_Mimic,(i) $I(V;\acute{\Theta} \mid X)$,0.00138570848165893,fft
VDWave_ART_Mimic,(i) $I(V;\acute{\Theta} \mid X)$,0.0015220000418990033,fft
VDWave_ART_Mimic,(i) $I(V;\acute{\Theta} \mid X)$,0.0013853528143490013,fft
VDWave_ART_Mimic,(i) $I(V;\acute{\Theta} \mid X)$,0.001478068845390873,fft
VDWave_ART_Mimic,(i) $I(V;\acute{\Theta} \mid X)$,0.0014532960008855245,fft
VDWave_ART_Mimic,(i) $I(V;\acute{\Theta} \mid X)$,0.0013518104263058404,fft
VDWave_ART_Mimic,(i) $I(V;\acute{\Theta} \mid X)$,0.0015171231053436782,fft
VDWave_ART_Mimic,(i) $I(V;\acute{\Theta} \mid X)$,0.0013440658901385963,fft
VDWave_ART_Mimic,(i) $I(V;\acute{\Theta} \mid X)$,0.001226633520261737,fft
VDWave_ART_Mimic,(i) $I(V;\acute{\Theta} \mid X)$,0.0014017432352939551,fft
VDWave_ART_Mimic,(i) $I(V;\acute{\Theta} \mid X)$,0.001413626993016017,fft
VDWave_ART_Mimic,(i) $I(V;\acute{\Theta} \mid X)$,0.0012541270699964152,fft
VDWave_ART_Mimic,(i) $I(V;\acute{\Theta} \mid X)$,0.0012504979332696516,fft
VDWave_ART_Mimic,(i) $I(V;\acute{\Theta} \mid X)$,0.0014073921783795663,fft
VDWave_ART_Mimic,(i) $I(V;\acute{\Theta} \mid X)$,0.001311400001000339,fft
VDWave_ART_Mimic,(i) $I(V;\acute{\Theta} \mid X)$,0.0011012065518508298,fft
VDWave_ART_Mimic,(i) $I(V;\acute{\Theta} \mid X)$,0.0016374589841053502,fft
VDWave_ART_Mimic,(i) $I(V;\acute{\Theta} \mid X)$,0.001544388668261089,fft
VDWave_ART_Mimic,(i) $I(V;\acute{\Theta} \mid X)$,0.0011831602388362114,fft
VDWave_ART_Mimic,(i) $I(V;\acute{\Theta} \mid X)$,0.0013880100710812963,fft
VDWave_ART_Mimic,(i) $I(V;\acute{\Theta} \mid X)$,0.0014378296446345082,fft
VDWave_ART_Mimic,(i) $I(V;\acute{\Theta} \mid X)$,0.0012206082298755366,fft
VDWave_ART_Mimic,(i) $I(V;\acute{\Theta} \mid X)$,0.0015350254934147047,fft
VDWave_ART_Mimic,(i) $I(V;\acute{\Theta} \mid X)$,0.0015006532096530196,fft
VDWave_ART_Mimic,(i) $I(V;\acute{\Theta} \mid X)$,0.0012368168957224144,fft
VDWave_ART_Mimic,(i) $I(V;\acute{\Theta} \mid X)$,0.0012845006900824977,fft
VDWave_ART_Mimic,(i) $I(V;\acute{\Theta} \mid X)$,0.001247192228034653,fft
VDWave_ART_Mimic,(i) $I(V;\acute{\Theta} \mid X)$,0.0015759789025950007,fft
VDWave_ART_Mimic,(i) $I(V;\acute{\Theta} \mid X)$,0.0014349520446289951,fft
VDWave_ART_Mimic,(i) $I(V;\acute{\Theta} \mid X)$,0.0011423174083097236,fft
VDWave_ART_Mimic,(i) $I(V;\acute{\Theta} \mid X)$,0.001268703166915529,fft
VDWave_ART_Mimic,(i) $I(V;\acute{\Theta} \mid X)$,0.0015134741773794938,fft
VDWave_ART_Mimic,(i) $I(V;\acute{\Theta} \mid X)$,0.001463597832726417,fft
VDWave_ART_Mimic,(i) $I(V;\acute{\Theta} \mid X)$,0.0014877296801705077,fft
VDWave_ART_Mimic,(i) $I(V;\acute{\Theta} \mid X)$,0.0013375306233868469,fft
VDWave_ART_Mimic,(i) $I(V;\acute{\Theta} \mid X)$,0.0011465497301696712,fft
VDWave_ART_Mimic,(i) $I(V;\acute{\Theta} \mid X)$,0.0013789090066611176,fft
VDWave_ART_Mimic,(i) $I(V;\acute{\Theta} \mid X)$,0.001463511309302096,fft
VDWave_ART_Mimic,(i) $I(V;\acute{\Theta} \mid X)$,0.001177828869343105,fft
VDWave_ART_Mimic,(i) $I(V;\acute{\Theta} \mid X)$,0.0013975034559607037,fft
VDWave_ART_Mimic,(i) $I(V;\acute{\Theta} \mid X)$,0.001381684823164802,fft
VDWave_ART_Mimic,(i) $I(V;\acute{\Theta} \mid X)$,0.0015760519274133932,fft
VDWave_ART_Mimic,(i) $I(V;\acute{\Theta} \mid X)$,0.0014959169523255356,fft
VDWave_ART_Mimic,(i) $I(V;\acute{\Theta} \mid X)$,0.0012271121646124136,fft
VDWave_ART_Mimic,(i) $I(V;\acute{\Theta} \mid X)$,0.0014377588038604803,fft
VDWave_ART_Mimic,(i) $I(V;\acute{\Theta} \mid X)$,0.0013227042320058213,fft
VDWave_ART_Mimic,(i) $I(V;\acute{\Theta} \mid X)$,0.00161927610859642,fft
VDWave_ART_Mimic,(i) $I(V;\acute{\Theta} \mid X)$,0.0013866657845880604,fft
VDWave_ART_Mimic,(i) $I(V;\acute{\Theta} \mid X)$,0.0016603971271201734,fft
VDWave_ART_Mimic,(i) $I(V;\acute{\Theta} \mid X)$,0.0014112918073117347,fft
VDWave_ART_Mimic,(i) $I(V;\acute{\Theta} \mid X)$,0.0012713932171105158,fft
VDWave_ART_Mimic,(i) $I(V;\acute{\Theta} \mid X)$,0.0014833722307340041,fft
VDWave_ART_Mimic,(i) $I(V;\acute{\Theta} \mid X)$,0.0018360846718121404,fft
VDWave_ART_Mimic,(i) $I(V;\acute{\Theta} \mid X)$,0.0013447673255621029,fft
VDWave_ART_Mimic,(i) $I(V;\acute{\Theta} \mid X)$,0.001900926418417614,fft
VDWave_ART_Mimic,(i) $I(V;\acute{\Theta} \mid X)$,0.0014273960382217713,fft
VDWave_ART_Mimic,(i) $I(V;\acute{\Theta} \mid X)$,0.0013878871595432744,fft
VDWave_ART_Mimic,(i) $I(V;\acute{\Theta} \mid X)$,0.001371009022411016,fft
VDWave_ART_Mimic,(i) $I(V;\acute{\Theta} \mid X)$,0.0014855953339881767,fft
VDWave_ART_Mimic,(i) $I(V;\acute{\Theta} \mid X)$,0.0012683341376213727,fft
VDWave_ART_Mimic,(i) $I(V;\acute{\Theta} \mid X)$,0.0016169274809776752,fft
VDWave_ART_Mimic,(i) $I(V;\acute{\Theta} \mid X)$,0.0014265748208894982,fft
VDWave_ART_Mimic,(i) $I(V;\acute{\Theta} \mid X)$,0.0013440118443455917,fft
VDWave_ART_Mimic,(i) $I(V;\acute{\Theta} \mid X)$,0.0012982767546436166,fft
VDWave_ART_Mimic,(i) $I(V;\acute{\Theta} \mid X)$,0.0017387647255123959,fft
VDWave_ART_Mimic,(i) $I(V;\acute{\Theta} \mid X)$,0.001371729455049503,fft
VDWave_ART_Mimic,(i) $I(V;\acute{\Theta} \mid X)$,0.001766710355742844,fft
VDWave_ART_Mimic,(i) $I(V;\acute{\Theta} \mid X)$,0.0014458574311736242,fft
VDWave_ART_Mimic,(i) $I(V;\acute{\Theta} \mid X)$,0.0016021594011881145,fft
VDWave_ART_Mimic,(i) $I(V;\acute{\Theta} \mid X)$,0.001525120182569022,fft
VDWave_ART_Mimic,(i) $I(V;\acute{\Theta} \mid X)$,0.001525273748586837,fft
VDWave_ART_Mimic,(i) $I(V;\acute{\Theta} \mid X)$,0.0013748452344563033,fft
VDWave_ART_Mimic,(i) $I(V;\acute{\Theta} \mid X)$,0.00147087810746703,fft
VDWave_ART_Mimic,(i) $I(V;\acute{\Theta} \mid X)$,0.001213182418380285,fft
VDWave_ART_Mimic,(i) $I(V;\acute{\Theta} \mid X)$,0.001607202571477942,fft
VDWave_ART_Mimic,(i) $I(V;\acute{\Theta} \mid X)$,0.001421070123751102,fft
VDWave_ART_Mimic,(i) $I(V;\acute{\Theta} \mid X)$,0.0014720799125542386,fft
VDWave_ART_Mimic,(i) $I(V;\acute{\Theta} \mid X)$,0.0014160679795639684,fft
VDWave_ART_Mimic,(i) $I(V;\acute{\Theta} \mid X)$,0.0014361536739522297,fft
VDWave_ART_Mimic,(i) $I(V;\acute{\Theta} \mid X)$,0.0013751066737338296,fft
VDWave_ART_Mimic,(i) $I(V;\acute{\Theta} \mid X)$,0.0015078749066425865,fft
VDWave_ART_Mimic,(i) $I(V;\acute{\Theta} \mid X)$,0.0012558467538142431,fft
VDWave_ART_Mimic,(i) $I(V;\acute{\Theta} \mid X)$,0.0013218902483880118,fft
VDWave_ART_Mimic,(i) $I(V;\acute{\Theta} \mid X)$,0.0013943117716521405,fft
VDWave_ART_Mimic,(i) $I(V;\acute{\Theta} \mid X)$,0.001802184509704401,fft
VDWave_ART_Mimic,(i) $I(V;\acute{\Theta} \mid X)$,0.0014338611114910937,fft
VDWave_ART_Mimic,(i) $I(V;\acute{\Theta} \mid X)$,0.0014595217607112545,fft
VDWave_ART_Mimic,(i) $I(V;\acute{\Theta} \mid X)$,0.0012080853610463057,fft
VDWave_ART_Mimic,(i) $I(V;\acute{\Theta} \mid X)$,0.0013392918345266414,fft
VDWave_ART_Mimic,(i) $I(V;\acute{\Theta} \mid X)$,0.0015934448225502634,fft
VDWave_ART_Mimic,(i) $I(V;\acute{\Theta} \mid X)$,0.0015194984854375367,fft
VDWave_ART_Mimic,(i) $I(V;\acute{\Theta} \mid X)$,0.0013605853822922264,fft
VDWave_ART_Mimic,(i) $I(V;\acute{\Theta} \mid X)$,0.0013894078218260506,fft
VDWave_ART_Mimic,(i) $I(V;\acute{\Theta} \mid X)$,0.0013929568503638278,fft
VDWave_ART_Mimic,(i) $I(V;\acute{\Theta} \mid X)$,0.0014786384955843756,fft
VDWave_ART_Mimic,(i) $I(V;\acute{\Theta} \mid X)$,0.0014033519999825878,fft
VDWave_ART_Mimic,(i) $I(V;\acute{\Theta} \mid X)$,0.0015713069668766256,fft
VDWave_ART_Mimic,(i) $I(V;\acute{\Theta} \mid X)$,0.0015559692367268898,fft
VDWave_ART_Mimic,(i) $I(V;\acute{\Theta} \mid X)$,0.001495821215174201,fft
VDWave_ART_Mimic,(i) $I(V;\acute{\Theta} \mid X)$,0.0015984688031235588,fft
VDWave_ART_Mimic,(i) $I(V;\acute{\Theta} \mid X)$,0.0014691148740780806,fft
VDWave_ART_Mimic,(i) $I(V;\acute{\Theta} \mid X)$,0.0014826437032608667,fft
VDWave_ART_Mimic,(i) $I(V;\acute{\Theta} \mid X)$,0.001235408958379339,fft
VDWave_ART_Mimic,(i) $I(V;\acute{\Theta} \mid X)$,0.0013301722624716444,fft
VDWave_ART_Mimic,(i) $I(V;\acute{\Theta} \mid X)$,0.0013454251261882147,fft
VDWave_ART_Mimic,(i) $I(V;\acute{\Theta} \mid X)$,0.0015128844810837366,fft
VDWave_ART_Mimic,(i) $I(V;\acute{\Theta} \mid X)$,0.0015517803674264452,fft
VDWave_ART_Mimic,(i) $I(V;\acute{\Theta} \mid X)$,0.001298603834032962,fft
VDWave_ART_Mimic,(i) $I(V;\acute{\Theta} \mid X)$,0.0013719459999442525,fft
VDWave_ART_Mimic,(i) $I(V;\acute{\Theta} \mid X)$,0.0015999050475656248,fft
VDWave_ART_Mimic,(i) $I(V;\acute{\Theta} \mid X)$,0.001385516453624322,fft
VDWave_ART_Mimic,(i) $I(V;\acute{\Theta} \mid X)$,0.0014531019635343973,fft
VDWave_ART_Mimic,(i) $I(V;\acute{\Theta} \mid X)$,0.0012931032354806015,fft
VDWave_ART_Mimic,(i) $I(V;\acute{\Theta} \mid X)$,0.0013875824205008757,fft
VDWave_ART_Mimic,(i) $I(V;\acute{\Theta} \mid X)$,0.001132852150025259,fft
VDWave_ART_Mimic,(i) $I(V;\acute{\Theta} \mid X)$,0.0014013829373685236,fft
VDWave_ART_Mimic,(i) $I(V;\acute{\Theta} \mid X)$,0.0014098472391735584,fft
VDWave_ART_Mimic,(i) $I(V;\acute{\Theta} \mid X)$,0.0013847436499319413,fft
VDWave_ART_Mimic,(i) $I(V;\acute{\Theta} \mid X)$,0.001419567038354949,fft
VDWave_ART_Mimic,(i) $I(V;\acute{\Theta} \mid X)$,0.0012508569214426943,fft
VDWave_ART_Mimic,(i) $I(V;\acute{\Theta} \mid X)$,0.0015641035474791226,fft
VDWave_ART_Mimic,(i) $I(V;\acute{\Theta} \mid X)$,0.0012775257661924394,fft
VDWave_ART_Mimic,(i) $I(V;\acute{\Theta} \mid X)$,0.0014427434833806506,fft
VDWave_ART_Mimic,(i) $I(V;\acute{\Theta} \mid X)$,0.001428659852568449,fft
VDWave_ART_Mimic,(i) $I(V;\acute{\Theta} \mid X)$,0.0015464774370859318,fft
VDWave_ART_Mimic,(i) $I(V;\acute{\Theta} \mid X)$,0.001168332140198092,fft
VDWave_ART_Mimic,(i) $I(V;\acute{\Theta} \mid X)$,0.0011830750694022567,fft
VDWave_ART_Mimic,(i) $I(V;\acute{\Theta} \mid X)$,0.0016377032102099897,fft
VDWave_ART_Mimic,(i) $I(V;\acute{\Theta} \mid X)$,0.0012685779330141578,fft
VDWave_ART_Mimic,(i) $I(V;\acute{\Theta} \mid X)$,0.001389087372235701,fft
VDWave_ART_Mimic,(i) $I(V;\acute{\Theta} \mid X)$,0.001207457984168612,fft
VDWave_ART_Mimic,(i) $I(V;\acute{\Theta} \mid X)$,0.0014213532820787236,fft
VDWave_ART_Mimic,(i) $I(V;\acute{\Theta} \mid X)$,0.0014740530839364907,fft
VDWave_ART_Mimic,(i) $I(V;\acute{\Theta} \mid X)$,0.0014808652057532196,fft
VDWave_ART_Mimic,(i) $I(V;\acute{\Theta} \mid X)$,0.0012798405223124318,fft
VDWave_ART_Mimic,(i) $I(V;\acute{\Theta} \mid X)$,0.0014145953724018052,fft
VDWave_ART_Mimic,(i) $I(V;\acute{\Theta} \mid X)$,0.0015152787136890433,fft
VDWave_ART_Mimic,(i) $I(V;\acute{\Theta} \mid X)$,0.0014456346091906414,fft
VDWave_ART_Mimic,(i) $I(V;\acute{\Theta} \mid X)$,0.0012387758333035701,fft
VDWave_ART_Mimic,(i) $I(V;\acute{\Theta} \mid X)$,0.0013553981555522114,fft
VDWave_ART_Mimic,(i) $I(V;\acute{\Theta} \mid X)$,0.0013474729614104148,fft
VDWave_ART_Mimic,(i) $I(V;\acute{\Theta} \mid X)$,0.001336702007165237,fft
VDWave_ART_Mimic,(i) $I(V;\acute{\Theta} \mid X)$,0.0015245137290236523,fft
VDWave_ART_Mimic,(i) $I(V;\acute{\Theta} \mid X)$,0.0013631647295419395,fft
VDWave_ART_Mimic,(i) $I(V;\acute{\Theta} \mid X)$,0.0015847300308391421,fft
VDWave_ART_Mimic,(i) $I(V;\acute{\Theta} \mid X)$,0.0015672066648604527,fft
VDWave_ART_Mimic,(i) $I(V;\acute{\Theta} \mid X)$,0.0013633859180251257,fft
VDWave_ART_Mimic,(i) $I(V;\acute{\Theta} \mid X)$,0.0014267077523427985,fft
VDWave_ART_Mimic,(i) $I(V;\acute{\Theta} \mid X)$,0.0014804027247027575,fft
VDWave_ART_Mimic,(i) $I(V;\acute{\Theta} \mid X)$,0.001473681635808305,fft
VDWave_ART_Mimic,(i) $I(V;\acute{\Theta} \mid X)$,0.0012025457106175465,fft
VDWave_ART_Mimic,(i) $I(V;\acute{\Theta} \mid X)$,0.0014342859498062944,fft
VDWave_ART_Mimic,(i) $I(V;\acute{\Theta} \mid X)$,0.001431432688553743,fft
VDWave_ART_Mimic,(i) $I(V;\acute{\Theta} \mid X)$,0.0013390345583738788,fft
VDWave_ART_Mimic,(i) $I(V;\acute{\Theta} \mid X)$,0.0015195747559379716,fft
VDWave_ART_Mimic,(i) $I(V;\acute{\Theta} \mid X)$,0.0013457438963228937,fft
VDWave_ART_Mimic,(i) $I(V;\acute{\Theta} \mid X)$,0.0014031819141519595,fft
VDWave_ART_Mimic,(i) $I(V;\acute{\Theta} \mid X)$,0.001546857294112634,fft
VDWave_ART_Mimic,(i) $I(V;\acute{\Theta} \mid X)$,0.001196127813888436,fft
VDWave_ART_Mimic,(i) $I(V;\acute{\Theta} \mid X)$,0.0012262555471609583,fft
VDWave_ART_Mimic,(i) $I(V;\acute{\Theta} \mid X)$,0.0011507429698943558,fft
VDWave_ART_Mimic,(i) $I(V;\acute{\Theta} \mid X)$,0.0016248065969487317,fft
VDWave_ART_Mimic,(i) $I(V;\acute{\Theta} \mid X)$,0.001654484072264627,fft
VDWave_ART_Mimic,(i) $I(V;\acute{\Theta} \mid X)$,0.0014304087147021733,fft
VDWave_ART_Mimic,(i) $I(V;\acute{\Theta} \mid X)$,0.0014115735229286686,fft
VDWave_ART_Mimic,(i) $I(V;\acute{\Theta} \mid X)$,0.0012537919161625594,fft
VDWave_ART_Mimic,(i) $I(V;\acute{\Theta} \mid X)$,0.0017583262114911544,fft
VDWave_ART_Mimic,(i) $I(V;\acute{\Theta} \mid X)$,0.0013411633935176649,fft
VDWave_ART_Mimic,(i) $I(V;\acute{\Theta} \mid X)$,0.001502135403570707,fft
VDWave_ART_Mimic,(i) $I(V;\acute{\Theta} \mid X)$,0.0014273236792743623,fft
VDWave_ART_Mimic,(i) $I(V;\acute{\Theta} \mid X)$,0.0014590297423040968,fft
VDWave_ART_Mimic,(i) $I(V;\acute{\Theta} \mid X)$,0.0016026819609973922,fft
VDWave_ART_Mimic,(i) $I(V;\acute{\Theta} \mid X)$,0.0016738216794152413,fft
VDWave_ART_Mimic,(i) $I(V;\acute{\Theta} \mid X)$,0.0013179780763980964,fft
VDWave_ART_Mimic,(i) $I(V;\acute{\Theta} \mid X)$,0.001368682698631292,fft
VDWave_ART_Mimic,(i) $I(V;\acute{\Theta} \mid X)$,0.0013282358190089354,fft
VDWave_ART_Mimic,(i) $I(V;\acute{\Theta} \mid X)$,0.001267726784992014,fft
VDWave_ART_Mimic,(i) $I(V;\acute{\Theta} \mid X)$,0.0013727936514875794,fft
VDWave_ART_Mimic,(i) $I(V;\acute{\Theta} \mid X)$,0.0013516630526223105,fft
VDWave_ART_Mimic,(i) $I(V;\acute{\Theta} \mid X)$,0.001390308100344164,fft
VDWave_ART_Mimic,(i) $I(V;\acute{\Theta} \mid X)$,0.0017762968554257072,fft
VDWave_ART_Mimic,(i) $I(V;\acute{\Theta} \mid X)$,0.001095690805961132,fft
VDWave_ART_Mimic,(i) $I(V;\acute{\Theta} \mid X)$,0.001403819929039394,fft
VDWave_ART_Mimic,(i) $I(V;\acute{\Theta} \mid X)$,0.001451245991575401,fft
VDWave_ART_Mimic,(i) $I(V;\acute{\Theta} \mid X)$,0.0013646059467088626,fft
VDWave_ART_Mimic,(i) $I(V;\acute{\Theta} \mid X)$,0.0013221312538418415,fft
VDWave_ART_Mimic,(i) $I(V;\acute{\Theta} \mid X)$,0.0015913187501391953,fft
VDWave_ART_Mimic,(i) $I(V;\acute{\Theta} \mid X)$,0.0014274071256720963,fft
VDWave_ART_Mimic,(i) $I(V;\acute{\Theta} \mid X)$,0.0011932644814279085,fft
VDWave_ART_Mimic,(i) $I(V;\acute{\Theta} \mid X)$,0.0016316801624191462,fft
VDWave_ART_Mimic,(i) $I(V;\acute{\Theta} \mid X)$,0.0016456801595290881,fft
VDWave_ART_Mimic,(i) $I(V;\acute{\Theta} \mid X)$,0.0015932425365374123,fft
VDWave_ART_Mimic,(ii) $I(S;\acute{\Theta} \mid X)$,0.0004034949457518576,fft
VDWave_ART_Mimic,(ii) $I(S;\acute{\Theta} \mid X)$,0.0003649181814077777,fft
VDWave_ART_Mimic,(ii) $I(S;\acute{\Theta} \mid X)$,0.00037667374266657944,fft
VDWave_ART_Mimic,(ii) $I(S;\acute{\Theta} \mid X)$,0.0004092370043785382,fft
VDWave_ART_Mimic,(ii) $I(S;\acute{\Theta} \mid X)$,0.000451292147195414,fft
VDWave_ART_Mimic,(ii) $I(S;\acute{\Theta} \mid X)$,0.0004608088798084498,fft
VDWave_ART_Mimic,(ii) $I(S;\acute{\Theta} \mid X)$,0.00036797058972621465,fft
VDWave_ART_Mimic,(ii) $I(S;\acute{\Theta} \mid X)$,0.00041333908992518105,fft
VDWave_ART_Mimic,(ii) $I(S;\acute{\Theta} \mid X)$,0.00041917512442481354,fft
VDWave_ART_Mimic,(ii) $I(S;\acute{\Theta} \mid X)$,0.0004134126398536796,fft
VDWave_ART_Mimic,(ii) $I(S;\acute{\Theta} \mid X)$,0.0003868476972790826,fft
VDWave_ART_Mimic,(ii) $I(S;\acute{\Theta} \mid X)$,0.0004090754129787475,fft
VDWave_ART_Mimic,(ii) $I(S;\acute{\Theta} \mid X)$,0.00038142319165735203,fft
VDWave_ART_Mimic,(ii) $I(S;\acute{\Theta} \mid X)$,0.0004385358188425244,fft
VDWave_ART_Mimic,(ii) $I(S;\acute{\Theta} \mid X)$,0.00040556238731699634,fft
VDWave_ART_Mimic,(ii) $I(S;\acute{\Theta} \mid X)$,0.0003462670475701916,fft
VDWave_ART_Mimic,(ii) $I(S;\acute{\Theta} \mid X)$,0.00037077989451494,fft
VDWave_ART_Mimic,(ii) $I(S;\acute{\Theta} \mid X)$,0.0003769615103987668,fft
VDWave_ART_Mimic,(ii) $I(S;\acute{\Theta} \mid X)$,0.0004531111849034179,fft
VDWave_ART_Mimic,(ii) $I(S;\acute{\Theta} \mid X)$,0.00042125222385395815,fft
VDWave_ART_Mimic,(ii) $I(S;\acute{\Theta} \mid X)$,0.0005066722008002705,fft
VDWave_ART_Mimic,(ii) $I(S;\acute{\Theta} \mid X)$,0.0003260490179751873,fft
VDWave_ART_Mimic,(ii) $I(S;\acute{\Theta} \mid X)$,0.00046270604942322713,fft
VDWave_ART_Mimic,(ii) $I(S;\acute{\Theta} \mid X)$,0.0004311729612170828,fft
VDWave_ART_Mimic,(ii) $I(S;\acute{\Theta} \mid X)$,0.0004020787134073611,fft
VDWave_ART_Mimic,(ii) $I(S;\acute{\Theta} \mid X)$,0.0004902930124623162,fft
VDWave_ART_Mimic,(ii) $I(S;\acute{\Theta} \mid X)$,0.0003274793221699558,fft
VDWave_ART_Mimic,(ii) $I(S;\acute{\Theta} \mid X)$,0.00042266374434619947,fft
VDWave_ART_Mimic,(ii) $I(S;\acute{\Theta} \mid X)$,0.0004782312960147091,fft
VDWave_ART_Mimic,(ii) $I(S;\acute{\Theta} \mid X)$,0.0005310193994129276,fft
VDWave_ART_Mimic,(ii) $I(S;\acute{\Theta} \mid X)$,0.00048231154020827755,fft
VDWave_ART_Mimic,(ii) $I(S;\acute{\Theta} \mid X)$,0.0004732125914336295,fft
VDWave_ART_Mimic,(ii) $I(S;\acute{\Theta} \mid X)$,0.00038196284413387805,fft
VDWave_ART_Mimic,(ii) $I(S;\acute{\Theta} \mid X)$,0.00041072127255559735,fft
VDWave_ART_Mimic,(ii) $I(S;\acute{\Theta} \mid X)$,0.00039849658433618494,fft
VDWave_ART_Mimic,(ii) $I(S;\acute{\Theta} \mid X)$,0.00046022514054947997,fft
VDWave_ART_Mimic,(ii) $I(S;\acute{\Theta} \mid X)$,0.000463237542874,fft
VDWave_ART_Mimic,(ii) $I(S;\acute{\Theta} \mid X)$,0.00035596117571844215,fft
VDWave_ART_Mimic,(ii) $I(S;\acute{\Theta} \mid X)$,0.0004399801079950107,fft
VDWave_ART_Mimic,(ii) $I(S;\acute{\Theta} \mid X)$,0.0004000605198859497,fft
VDWave_ART_Mimic,(ii) $I(S;\acute{\Theta} \mid X)$,0.0004688393297119639,fft
VDWave_ART_Mimic,(ii) $I(S;\acute{\Theta} \mid X)$,0.00045587709569285743,fft
VDWave_ART_Mimic,(ii) $I(S;\acute{\Theta} \mid X)$,0.00044133594481549695,fft
VDWave_ART_Mimic,(ii) $I(S;\acute{\Theta} \mid X)$,0.00040208659679280795,fft
VDWave_ART_Mimic,(ii) $I(S;\acute{\Theta} \mid X)$,0.00031815638565285383,fft
VDWave_ART_Mimic,(ii) $I(S;\acute{\Theta} \mid X)$,0.0004028941648040478,fft
VDWave_ART_Mimic,(ii) $I(S;\acute{\Theta} \mid X)$,0.00039783093348466685,fft
VDWave_ART_Mimic,(ii) $I(S;\acute{\Theta} \mid X)$,0.00044099718628863344,fft
VDWave_ART_Mimic,(ii) $I(S;\acute{\Theta} \mid X)$,0.0004273363190540298,fft
VDWave_ART_Mimic,(ii) $I(S;\acute{\Theta} \mid X)$,0.00048598412543262003,fft
VDWave_ART_Mimic,(ii) $I(S;\acute{\Theta} \mid X)$,0.00037559364669991185,fft
VDWave_ART_Mimic,(ii) $I(S;\acute{\Theta} \mid X)$,0.00040284815201305994,fft
VDWave_ART_Mimic,(ii) $I(S;\acute{\Theta} \mid X)$,0.0004107050868181725,fft
VDWave_ART_Mimic,(ii) $I(S;\acute{\Theta} \mid X)$,0.00034098140892075047,fft
VDWave_ART_Mimic,(ii) $I(S;\acute{\Theta} \mid X)$,0.0005042293598577191,fft
VDWave_ART_Mimic,(ii) $I(S;\acute{\Theta} \mid X)$,0.00037014744130796416,fft
VDWave_ART_Mimic,(ii) $I(S;\acute{\Theta} \mid X)$,0.0004549546316691683,fft
VDWave_ART_Mimic,(ii) $I(S;\acute{\Theta} \mid X)$,0.00040950858292215645,fft
VDWave_ART_Mimic,(ii) $I(S;\acute{\Theta} \mid X)$,0.00043130635789026837,fft
VDWave_ART_Mimic,(ii) $I(S;\acute{\Theta} \mid X)$,0.000366368233068929,fft
VDWave_ART_Mimic,(ii) $I(S;\acute{\Theta} \mid X)$,0.0003941805916140942,fft
VDWave_ART_Mimic,(ii) $I(S;\acute{\Theta} \mid X)$,0.00044820774205953724,fft
VDWave_ART_Mimic,(ii) $I(S;\acute{\Theta} \mid X)$,0.00045972643891034197,fft
VDWave_ART_Mimic,(ii) $I(S;\acute{\Theta} \mid X)$,0.0004033809198677995,fft
VDWave_ART_Mimic,(ii) $I(S;\acute{\Theta} \mid X)$,0.00044033895604657895,fft
VDWave_ART_Mimic,(ii) $I(S;\acute{\Theta} \mid X)$,0.0003946690071947563,fft
VDWave_ART_Mimic,(ii) $I(S;\acute{\Theta} \mid X)$,0.0004473766573796969,fft
VDWave_ART_Mimic,(ii) $I(S;\acute{\Theta} \mid X)$,0.00035520301248194333,fft
VDWave_ART_Mimic,(ii) $I(S;\acute{\Theta} \mid X)$,0.0004045416812395396,fft
VDWave_ART_Mimic,(ii) $I(S;\acute{\Theta} \mid X)$,0.0004832388719027438,fft
VDWave_ART_Mimic,(ii) $I(S;\acute{\Theta} \mid X)$,0.0005052200646198968,fft
VDWave_ART_Mimic,(ii) $I(S;\acute{\Theta} \mid X)$,0.0005051288522050134,fft
VDWave_ART_Mimic,(ii) $I(S;\acute{\Theta} \mid X)$,0.0004531043895622106,fft
VDWave_ART_Mimic,(ii) $I(S;\acute{\Theta} \mid X)$,0.00038229389435107797,fft
VDWave_ART_Mimic,(ii) $I(S;\acute{\Theta} \mid X)$,0.00047181504847704074,fft
VDWave_ART_Mimic,(ii) $I(S;\acute{\Theta} \mid X)$,0.0004281249847027041,fft
VDWave_ART_Mimic,(ii) $I(S;\acute{\Theta} \mid X)$,0.00040562390437587457,fft
VDWave_ART_Mimic,(ii) $I(S;\acute{\Theta} \mid X)$,0.000430057902904977,fft
VDWave_ART_Mimic,(ii) $I(S;\acute{\Theta} \mid X)$,0.00043265383796989277,fft
VDWave_ART_Mimic,(ii) $I(S;\acute{\Theta} \mid X)$,0.0003774558484004016,fft
VDWave_ART_Mimic,(ii) $I(S;\acute{\Theta} \mid X)$,0.0004509049805583649,fft
VDWave_ART_Mimic,(ii) $I(S;\acute{\Theta} \mid X)$,0.0004447142907375631,fft
VDWave_ART_Mimic,(ii) $I(S;\acute{\Theta} \mid X)$,0.00038247185769939865,fft
VDWave_ART_Mimic,(ii) $I(S;\acute{\Theta} \mid X)$,0.00042600049486478056,fft
VDWave_ART_Mimic,(ii) $I(S;\acute{\Theta} \mid X)$,0.0004898537837972927,fft
VDWave_ART_Mimic,(ii) $I(S;\acute{\Theta} \mid X)$,0.0004517214063217294,fft
VDWave_ART_Mimic,(ii) $I(S;\acute{\Theta} \mid X)$,0.0004456720663805154,fft
VDWave_ART_Mimic,(ii) $I(S;\acute{\Theta} \mid X)$,0.0004389123269816351,fft
VDWave_ART_Mimic,(ii) $I(S;\acute{\Theta} \mid X)$,0.00047731249082254306,fft
VDWave_ART_Mimic,(ii) $I(S;\acute{\Theta} \mid X)$,0.00038728546038333797,fft
VDWave_ART_Mimic,(ii) $I(S;\acute{\Theta} \mid X)$,0.0004219899071684001,fft
VDWave_ART_Mimic,(ii) $I(S;\acute{\Theta} \mid X)$,0.0004421679601139093,fft
VDWave_ART_Mimic,(ii) $I(S;\acute{\Theta} \mid X)$,0.00039295959169277596,fft
VDWave_ART_Mimic,(ii) $I(S;\acute{\Theta} \mid X)$,0.0004902021473553906,fft
VDWave_ART_Mimic,(ii) $I(S;\acute{\Theta} \mid X)$,0.0003554834646775657,fft
VDWave_ART_Mimic,(ii) $I(S;\acute{\Theta} \mid X)$,0.00041058826400379943,fft
VDWave_ART_Mimic,(ii) $I(S;\acute{\Theta} \mid X)$,0.00038565618051720997,fft
VDWave_ART_Mimic,(ii) $I(S;\acute{\Theta} \mid X)$,0.0003851183983087681,fft
VDWave_ART_Mimic,(ii) $I(S;\acute{\Theta} \mid X)$,0.00040825273581074443,fft
VDWave_ART_Mimic,(ii) $I(S;\acute{\Theta} \mid X)$,0.00039796647816396836,fft
VDWave_ART_Mimic,(ii) $I(S;\acute{\Theta} \mid X)$,0.00047639941458385376,fft
VDWave_ART_Mimic,(ii) $I(S;\acute{\Theta} \mid X)$,0.00038014178746069584,fft
VDWave_ART_Mimic,(ii) $I(S;\acute{\Theta} \mid X)$,0.00040246994489762084,fft
VDWave_ART_Mimic,(ii) $I(S;\acute{\Theta} \mid X)$,0.0005263207601683039,fft
VDWave_ART_Mimic,(ii) $I(S;\acute{\Theta} \mid X)$,0.0004564295186641804,fft
VDWave_ART_Mimic,(ii) $I(S;\acute{\Theta} \mid X)$,0.00039683887560788974,fft
VDWave_ART_Mimic,(ii) $I(S;\acute{\Theta} \mid X)$,0.0004932291821480981,fft
VDWave_ART_Mimic,(ii) $I(S;\acute{\Theta} \mid X)$,0.0004807682213824102,fft
VDWave_ART_Mimic,(ii) $I(S;\acute{\Theta} \mid X)$,0.0004611217523161823,fft
VDWave_ART_Mimic,(ii) $I(S;\acute{\Theta} \mid X)$,0.00044464292444594306,fft
VDWave_ART_Mimic,(ii) $I(S;\acute{\Theta} \mid X)$,0.00043062562299659617,fft
VDWave_ART_Mimic,(ii) $I(S;\acute{\Theta} \mid X)$,0.00040433298432241647,fft
VDWave_ART_Mimic,(ii) $I(S;\acute{\Theta} \mid X)$,0.0003732328558256505,fft
VDWave_ART_Mimic,(ii) $I(S;\acute{\Theta} \mid X)$,0.0004338744172964689,fft
VDWave_ART_Mimic,(ii) $I(S;\acute{\Theta} \mid X)$,0.0004443724082131613,fft
VDWave_ART_Mimic,(ii) $I(S;\acute{\Theta} \mid X)$,0.00043594995032853606,fft
VDWave_ART_Mimic,(ii) $I(S;\acute{\Theta} \mid X)$,0.000467671511314781,fft
VDWave_ART_Mimic,(ii) $I(S;\acute{\Theta} \mid X)$,0.00045839650020122454,fft
VDWave_ART_Mimic,(ii) $I(S;\acute{\Theta} \mid X)$,0.00036183603247362783,fft
VDWave_ART_Mimic,(ii) $I(S;\acute{\Theta} \mid X)$,0.0004592702760056036,fft
VDWave_ART_Mimic,(ii) $I(S;\acute{\Theta} \mid X)$,0.0004264661792006738,fft
VDWave_ART_Mimic,(ii) $I(S;\acute{\Theta} \mid X)$,0.00036111531478554904,fft
VDWave_ART_Mimic,(ii) $I(S;\acute{\Theta} \mid X)$,0.0005507943435346445,fft
VDWave_ART_Mimic,(ii) $I(S;\acute{\Theta} \mid X)$,0.00036505317288979737,fft
VDWave_ART_Mimic,(ii) $I(S;\acute{\Theta} \mid X)$,0.0004648224314495565,fft
VDWave_ART_Mimic,(ii) $I(S;\acute{\Theta} \mid X)$,0.00035239452728568773,fft
VDWave_ART_Mimic,(ii) $I(S;\acute{\Theta} \mid X)$,0.0004528487113353246,fft
VDWave_ART_Mimic,(ii) $I(S;\acute{\Theta} \mid X)$,0.00044878829787177335,fft
VDWave_ART_Mimic,(ii) $I(S;\acute{\Theta} \mid X)$,0.000371857697306777,fft
VDWave_ART_Mimic,(ii) $I(S;\acute{\Theta} \mid X)$,0.0004267598555141974,fft
VDWave_ART_Mimic,(ii) $I(S;\acute{\Theta} \mid X)$,0.0003942576866546567,fft
VDWave_ART_Mimic,(ii) $I(S;\acute{\Theta} \mid X)$,0.00035120818528412196,fft
VDWave_ART_Mimic,(ii) $I(S;\acute{\Theta} \mid X)$,0.0003448121060788125,fft
VDWave_ART_Mimic,(ii) $I(S;\acute{\Theta} \mid X)$,0.0004390316330157196,fft
VDWave_ART_Mimic,(ii) $I(S;\acute{\Theta} \mid X)$,0.000434749469417337,fft
VDWave_ART_Mimic,(ii) $I(S;\acute{\Theta} \mid X)$,0.0004980546962046121,fft
VDWave_ART_Mimic,(ii) $I(S;\acute{\Theta} \mid X)$,0.00043724943604270505,fft
VDWave_ART_Mimic,(ii) $I(S;\acute{\Theta} \mid X)$,0.0003507265301025224,fft
VDWave_ART_Mimic,(ii) $I(S;\acute{\Theta} \mid X)$,0.0004198036193636518,fft
VDWave_ART_Mimic,(ii) $I(S;\acute{\Theta} \mid X)$,0.00046766220515358193,fft
VDWave_ART_Mimic,(ii) $I(S;\acute{\Theta} \mid X)$,0.0004390366577105994,fft
VDWave_ART_Mimic,(ii) $I(S;\acute{\Theta} \mid X)$,0.00037628179110897104,fft
VDWave_ART_Mimic,(ii) $I(S;\acute{\Theta} \mid X)$,0.00037059805512920803,fft
VDWave_ART_Mimic,(ii) $I(S;\acute{\Theta} \mid X)$,0.0004082942561423884,fft
VDWave_ART_Mimic,(ii) $I(S;\acute{\Theta} \mid X)$,0.00045054547171424465,fft
VDWave_ART_Mimic,(ii) $I(S;\acute{\Theta} \mid X)$,0.0004215248952745383,fft
VDWave_ART_Mimic,(ii) $I(S;\acute{\Theta} \mid X)$,0.0003960534484414378,fft
VDWave_ART_Mimic,(ii) $I(S;\acute{\Theta} \mid X)$,0.00042728387619050457,fft
VDWave_ART_Mimic,(ii) $I(S;\acute{\Theta} \mid X)$,0.0005075436870719667,fft
VDWave_ART_Mimic,(ii) $I(S;\acute{\Theta} \mid X)$,0.0003735307324852247,fft
VDWave_ART_Mimic,(ii) $I(S;\acute{\Theta} \mid X)$,0.00045683329495382424,fft
VDWave_ART_Mimic,(ii) $I(S;\acute{\Theta} \mid X)$,0.0005240171802434236,fft
VDWave_ART_Mimic,(ii) $I(S;\acute{\Theta} \mid X)$,0.00043065482042891815,fft
VDWave_ART_Mimic,(ii) $I(S;\acute{\Theta} \mid X)$,0.00034821851160839293,fft
VDWave_ART_Mimic,(ii) $I(S;\acute{\Theta} \mid X)$,0.0003039455457502957,fft
VDWave_ART_Mimic,(ii) $I(S;\acute{\Theta} \mid X)$,0.00038801802009537964,fft
VDWave_ART_Mimic,(ii) $I(S;\acute{\Theta} \mid X)$,0.000535756580617664,fft
VDWave_ART_Mimic,(ii) $I(S;\acute{\Theta} \mid X)$,0.000428816561028222,fft
VDWave_ART_Mimic,(ii) $I(S;\acute{\Theta} \mid X)$,0.00042566605443670867,fft
VDWave_ART_Mimic,(ii) $I(S;\acute{\Theta} \mid X)$,0.00041206069119006423,fft
VDWave_ART_Mimic,(ii) $I(S;\acute{\Theta} \mid X)$,0.0004554136854496118,fft
VDWave_ART_Mimic,(ii) $I(S;\acute{\Theta} \mid X)$,0.00037822474867972545,fft
VDWave_ART_Mimic,(ii) $I(S;\acute{\Theta} \mid X)$,0.0004966303838602068,fft
VDWave_ART_Mimic,(ii) $I(S;\acute{\Theta} \mid X)$,0.00039053251918560626,fft
VDWave_ART_Mimic,(ii) $I(S;\acute{\Theta} \mid X)$,0.0003888348660399745,fft
VDWave_ART_Mimic,(ii) $I(S;\acute{\Theta} \mid X)$,0.00041996223755786695,fft
VDWave_ART_Mimic,(ii) $I(S;\acute{\Theta} \mid X)$,0.00044869537946463326,fft
VDWave_ART_Mimic,(ii) $I(S;\acute{\Theta} \mid X)$,0.0004621241331771081,fft
VDWave_ART_Mimic,(ii) $I(S;\acute{\Theta} \mid X)$,0.0003417653046508154,fft
VDWave_ART_Mimic,(ii) $I(S;\acute{\Theta} \mid X)$,0.00046088797180498256,fft
VDWave_ART_Mimic,(ii) $I(S;\acute{\Theta} \mid X)$,0.0004907694317796439,fft
VDWave_ART_Mimic,(ii) $I(S;\acute{\Theta} \mid X)$,0.00037796044086378736,fft
VDWave_ART_Mimic,(ii) $I(S;\acute{\Theta} \mid X)$,0.0004869118982807089,fft
VDWave_ART_Mimic,(ii) $I(S;\acute{\Theta} \mid X)$,0.0003954881488362648,fft
VDWave_ART_Mimic,(ii) $I(S;\acute{\Theta} \mid X)$,0.0004861430799510158,fft
VDWave_ART_Mimic,(ii) $I(S;\acute{\Theta} \mid X)$,0.00041817017572166773,fft
VDWave_ART_Mimic,(ii) $I(S;\acute{\Theta} \mid X)$,0.0004578506609450486,fft
VDWave_ART_Mimic,(ii) $I(S;\acute{\Theta} \mid X)$,0.0004517973082999412,fft
VDWave_ART_Mimic,(ii) $I(S;\acute{\Theta} \mid X)$,0.00040858114234120716,fft
VDWave_ART_Mimic,(ii) $I(S;\acute{\Theta} \mid X)$,0.0005452657037394139,fft
VDWave_ART_Mimic,(ii) $I(S;\acute{\Theta} \mid X)$,0.0005425144750086853,fft
VDWave_ART_Mimic,(ii) $I(S;\acute{\Theta} \mid X)$,0.00042002569839944215,fft
VDWave_ART_Mimic,(ii) $I(S;\acute{\Theta} \mid X)$,0.00034198177385085947,fft
VDWave_ART_Mimic,(ii) $I(S;\acute{\Theta} \mid X)$,0.0004776857795832873,fft
VDWave_ART_Mimic,(ii) $I(S;\acute{\Theta} \mid X)$,0.0004511388107426303,fft
VDWave_ART_Mimic,(ii) $I(S;\acute{\Theta} \mid X)$,0.00041989093627783425,fft
VDWave_ART_Mimic,(ii) $I(S;\acute{\Theta} \mid X)$,0.0004190571394666384,fft
VDWave_ART_Mimic,(ii) $I(S;\acute{\Theta} \mid X)$,0.0004117479373032004,fft
VDWave_ART_Mimic,(ii) $I(S;\acute{\Theta} \mid X)$,0.0004535410355810133,fft
VDWave_ART_Mimic,(ii) $I(S;\acute{\Theta} \mid X)$,0.0004924494853973745,fft
VDWave_ART_Mimic,(ii) $I(S;\acute{\Theta} \mid X)$,0.00047543145371303633,fft
VDWave_ART_Mimic,(ii) $I(S;\acute{\Theta} \mid X)$,0.00046371151144393755,fft
VDWave_ART_Mimic,(ii) $I(S;\acute{\Theta} \mid X)$,0.0003978588351938066,fft
VDWave_ART_Mimic,(ii) $I(S;\acute{\Theta} \mid X)$,0.0003882893968738215,fft
VDWave_ART_Mimic,(ii) $I(S;\acute{\Theta} \mid X)$,0.00035214260231533195,fft
VDWave_ART_Mimic,(ii) $I(S;\acute{\Theta} \mid X)$,0.0004999739131453495,fft
VDWave_ART_Mimic,(ii) $I(S;\acute{\Theta} \mid X)$,0.0004043309307880172,fft
VDWave_ART_Mimic,(ii) $I(S;\acute{\Theta} \mid X)$,0.00043145416872386973,fft
VDWave_ART_Mimic,(ii) $I(S;\acute{\Theta} \mid X)$,0.00034109438862391567,fft
VDWave_ART_Mimic,(ii) $I(S;\acute{\Theta} \mid X)$,0.00044682165270535116,fft
VDWave_ART_Mimic,(ii) $I(S;\acute{\Theta} \mid X)$,0.00037756003602127953,fft
VDWave_ART_Mimic,(i) $I(V;\acute{\Theta} \mid X)$,0.0018582593288827126,welch_evo
VDWave_ART_Mimic,(i) $I(V;\acute{\Theta} \mid X)$,0.0017491601262789426,welch_evo
VDWave_ART_Mimic,(i) $I(V;\acute{\Theta} \mid X)$,0.0019324076118718894,welch_evo
VDWave_ART_Mimic,(i) $I(V;\acute{\Theta} \mid X)$,0.0018103240528239018,welch_evo
VDWave_ART_Mimic,(i) $I(V;\acute{\Theta} \mid X)$,0.00231907711075493,welch_evo
VDWave_ART_Mimic,(i) $I(V;\acute{\Theta} \mid X)$,0.001736378846575897,welch_evo
VDWave_ART_Mimic,(i) $I(V;\acute{\Theta} \mid X)$,0.002273519959224325,welch_evo
VDWave_ART_Mimic,(i) $I(V;\acute{\Theta} \mid X)$,0.002188272042521703,welch_evo
VDWave_ART_Mimic,(i) $I(V;\acute{\Theta} \mid X)$,0.0014285597849895417,welch_evo
VDWave_ART_Mimic,(i) $I(V;\acute{\Theta} \mid X)$,0.001586031211645781,welch_evo
VDWave_ART_Mimic,(i) $I(V;\acute{\Theta} \mid X)$,0.002080195568425987,welch_evo
VDWave_ART_Mimic,(i) $I(V;\acute{\Theta} \mid X)$,0.0018417860157451482,welch_evo
VDWave_ART_Mimic,(i) $I(V;\acute{\Theta} \mid X)$,0.0019291378380972134,welch_evo
VDWave_ART_Mimic,(i) $I(V;\acute{\Theta} \mid X)$,0.001949522520759095,welch_evo
VDWave_ART_Mimic,(i) $I(V;\acute{\Theta} \mid X)$,0.0018423163569701048,welch_evo
VDWave_ART_Mimic,(i) $I(V;\acute{\Theta} \mid X)$,0.0020557807144083976,welch_evo
VDWave_ART_Mimic,(i) $I(V;\acute{\Theta} \mid X)$,0.0016917000235030391,welch_evo
VDWave_ART_Mimic,(i) $I(V;\acute{\Theta} \mid X)$,0.0017140065586991804,welch_evo
VDWave_ART_Mimic,(i) $I(V;\acute{\Theta} \mid X)$,0.0018818957367115695,welch_evo
VDWave_ART_Mimic,(i) $I(V;\acute{\Theta} \mid X)$,0.0020197651215970226,welch_evo
VDWave_ART_Mimic,(i) $I(V;\acute{\Theta} \mid X)$,0.001685293416912361,welch_evo
VDWave_ART_Mimic,(i) $I(V;\acute{\Theta} \mid X)$,0.0017427703338469068,welch_evo
VDWave_ART_Mimic,(i) $I(V;\acute{\Theta} \mid X)$,0.0017348890712570967,welch_evo
VDWave_ART_Mimic,(i) $I(V;\acute{\Theta} \mid X)$,0.001672426098395129,welch_evo
VDWave_ART_Mimic,(i) $I(V;\acute{\Theta} \mid X)$,0.001476791248321301,welch_evo
VDWave_ART_Mimic,(i) $I(V;\acute{\Theta} \mid X)$,0.0022388882859784996,welch_evo
VDWave_ART_Mimic,(i) $I(V;\acute{\Theta} \mid X)$,0.002128698636931196,welch_evo
VDWave_ART_Mimic,(i) $I(V;\acute{\Theta} \mid X)$,0.0015176220036567736,welch_evo
VDWave_ART_Mimic,(i) $I(V;\acute{\Theta} \mid X)$,0.0015422440828683033,welch_evo
VDWave_ART_Mimic,(i) $I(V;\acute{\Theta} \mid X)$,0.001767102945385131,welch_evo
VDWave_ART_Mimic,(i) $I(V;\acute{\Theta} \mid X)$,0.0016829754958587071,welch_evo
VDWave_ART_Mimic,(i) $I(V;\acute{\Theta} \mid X)$,0.00217510433313217,welch_evo
VDWave_ART_Mimic,(i) $I(V;\acute{\Theta} \mid X)$,0.0020049257141769587,welch_evo
VDWave_ART_Mimic,(i) $I(V;\acute{\Theta} \mid X)$,0.0018156856685815183,welch_evo
VDWave_ART_Mimic,(i) $I(V;\acute{\Theta} \mid X)$,0.001751553747792362,welch_evo
VDWave_ART_Mimic,(i) $I(V;\acute{\Theta} \mid X)$,0.0014622803271675333,welch_evo
VDWave_ART_Mimic,(i) $I(V;\acute{\Theta} \mid X)$,0.0017860119258566321,welch_evo
VDWave_ART_Mimic,(i) $I(V;\acute{\Theta} \mid X)$,0.0020155149856246886,welch_evo
VDWave_ART_Mimic,(i) $I(V;\acute{\Theta} \mid X)$,0.0015515722719762345,welch_evo
VDWave_ART_Mimic,(i) $I(V;\acute{\Theta} \mid X)$,0.0019490252192798877,welch_evo
VDWave_ART_Mimic,(i) $I(V;\acute{\Theta} \mid X)$,0.0018958597314529633,welch_evo
VDWave_ART_Mimic,(i) $I(V;\acute{\Theta} \mid X)$,0.0020192089066552485,welch_evo
VDWave_ART_Mimic,(i) $I(V;\acute{\Theta} \mid X)$,0.001963555630502924,welch_evo
VDWave_ART_Mimic,(i) $I(V;\acute{\Theta} \mid X)$,0.0016706366100227566,welch_evo
VDWave_ART_Mimic,(i) $I(V;\acute{\Theta} \mid X)$,0.001592819953621184,welch_evo
VDWave_ART_Mimic,(i) $I(V;\acute{\Theta} \mid X)$,0.001828230550387419,welch_evo
VDWave_ART_Mimic,(i) $I(V;\acute{\Theta} \mid X)$,0.0018558955275661754,welch_evo
VDWave_ART_Mimic,(i) $I(V;\acute{\Theta} \mid X)$,0.0015131185086933508,welch_evo
VDWave_ART_Mimic,(i) $I(V;\acute{\Theta} \mid X)$,0.0018108478797860218,welch_evo
VDWave_ART_Mimic,(i) $I(V;\acute{\Theta} \mid X)$,0.0018921430650399795,welch_evo
VDWave_ART_Mimic,(i) $I(V;\acute{\Theta} \mid X)$,0.0022033790830033274,welch_evo
VDWave_ART_Mimic,(i) $I(V;\acute{\Theta} \mid X)$,0.001941833069159133,welch_evo
VDWave_ART_Mimic,(i) $I(V;\acute{\Theta} \mid X)$,0.001682456863980703,welch_evo
VDWave_ART_Mimic,(i) $I(V;\acute{\Theta} \mid X)$,0.0017542852868325926,welch_evo
VDWave_ART_Mimic,(i) $I(V;\acute{\Theta} \mid X)$,0.0017795477692318631,welch_evo
VDWave_ART_Mimic,(i) $I(V;\acute{\Theta} \mid X)$,0.002198301607712201,welch_evo
VDWave_ART_Mimic,(i) $I(V;\acute{\Theta} \mid X)$,0.0019914189843841506,welch_evo
VDWave_ART_Mimic,(i) $I(V;\acute{\Theta} \mid X)$,0.0023181555453841637,welch_evo
VDWave_ART_Mimic,(i) $I(V;\acute{\Theta} \mid X)$,0.001847651027385403,welch_evo
VDWave_ART_Mimic,(i) $I(V;\acute{\Theta} \mid X)$,0.0016682255238568014,welch_evo
VDWave_ART_Mimic,(i) $I(V;\acute{\Theta} \mid X)$,0.001969223794840732,welch_evo
VDWave_ART_Mimic,(i) $I(V;\acute{\Theta} \mid X)$,0.0023587232874215025,welch_evo
VDWave_ART_Mimic,(i) $I(V;\acute{\Theta} \mid X)$,0.0018073907453197507,welch_evo
VDWave_ART_Mimic,(i) $I(V;\acute{\Theta} \mid X)$,0.0022395222475501382,welch_evo
VDWave_ART_Mimic,(i) $I(V;\acute{\Theta} \mid X)$,0.0019636294421168663,welch_evo
VDWave_ART_Mimic,(i) $I(V;\acute{\Theta} \mid X)$,0.0016059628150119048,welch_evo
VDWave_ART_Mimic,(i) $I(V;\acute{\Theta} \mid X)$,0.0018930679555082977,welch_evo
VDWave_ART_Mimic,(i) $I(V;\acute{\Theta} \mid X)$,0.001876376514558706,welch_evo
VDWave_ART_Mimic,(i) $I(V;\acute{\Theta} \mid X)$,0.0018173850923565349,welch_evo
VDWave_ART_Mimic,(i) $I(V;\acute{\Theta} \mid X)$,0.0022076512997845164,welch_evo
VDWave_ART_Mimic,(i) $I(V;\acute{\Theta} \mid X)$,0.0018034934445385648,welch_evo
VDWave_ART_Mimic,(i) $I(V;\acute{\Theta} \mid X)$,0.0018486274853334683,welch_evo
VDWave_ART_Mimic,(i) $I(V;\acute{\Theta} \mid X)$,0.0016632699276740517,welch_evo
VDWave_ART_Mimic,(i) $I(V;\acute{\Theta} \mid X)$,0.0023583709659761444,welch_evo
VDWave_ART_Mimic,(i) $I(V;\acute{\Theta} \mid X)$,0.0018943152696521447,welch_evo
VDWave_ART_Mimic,(i) $I(V;\acute{\Theta} \mid X)$,0.002223281140010318,welch_evo
VDWave_ART_Mimic,(i) $I(V;\acute{\Theta} \mid X)$,0.0017956876148706655,welch_evo
VDWave_ART_Mimic,(i) $I(V;\acute{\Theta} \mid X)$,0.0020783405943235168,welch_evo
VDWave_ART_Mimic,(i) $I(V;\acute{\Theta} \mid X)$,0.002001902683019177,welch_evo
VDWave_ART_Mimic,(i) $I(V;\acute{\Theta} \mid X)$,0.0019745737684706277,welch_evo
VDWave_ART_Mimic,(i) $I(V;\acute{\Theta} \mid X)$,0.0019237556110851017,welch_evo
VDWave_ART_Mimic,(i) $I(V;\acute{\Theta} \mid X)$,0.0018051558412473688,welch_evo
VDWave_ART_Mimic,(i) $I(V;\acute{\Theta} \mid X)$,0.0016410539226557066,welch_evo
VDWave_ART_Mimic,(i) $I(V;\acute{\Theta} \mid X)$,0.002149009608689952,welch_evo
VDWave_ART_Mimic,(i) $I(V;\acute{\Theta} \mid X)$,0.0017733599519373117,welch_evo
VDWave_ART_Mimic,(i) $I(V;\acute{\Theta} \mid X)$,0.0020747772287327726,welch_evo
VDWave_ART_Mimic,(i) $I(V;\acute{\Theta} \mid X)$,0.0018204272714853616,welch_evo
VDWave_ART_Mimic,(i) $I(V;\acute{\Theta} \mid X)$,0.0018096004249055348,welch_evo
VDWave_ART_Mimic,(i) $I(V;\acute{\Theta} \mid X)$,0.001773796396866746,welch_evo
VDWave_ART_Mimic,(i) $I(V;\acute{\Theta} \mid X)$,0.002073774290619688,welch_evo
VDWave_ART_Mimic,(i) $I(V;\acute{\Theta} \mid X)$,0.001666279044203146,welch_evo
VDWave_ART_Mimic,(i) $I(V;\acute{\Theta} \mid X)$,0.0018837604471827324,welch_evo
VDWave_ART_Mimic,(i) $I(V;\acute{\Theta} \mid X)$,0.001674413783129979,welch_evo
VDWave_ART_Mimic,(i) $I(V;\acute{\Theta} \mid X)$,0.0024158279500072315,welch_evo
VDWave_ART_Mimic,(i) $I(V;\acute{\Theta} \mid X)$,0.0019776325069812664,welch_evo
VDWave_ART_Mimic,(i) $I(V;\acute{\Theta} \mid X)$,0.0021475988778809863,welch_evo
VDWave_ART_Mimic,(i) $I(V;\acute{\Theta} \mid X)$,0.001576587782871056,welch_evo
VDWave_ART_Mimic,(i) $I(V;\acute{\Theta} \mid X)$,0.0018393518335240318,welch_evo
VDWave_ART_Mimic,(i) $I(V;\acute{\Theta} \mid X)$,0.0022297882637578206,welch_evo
VDWave_ART_Mimic,(i) $I(V;\acute{\Theta} \mid X)$,0.002004985434802414,welch_evo
VDWave_ART_Mimic,(i) $I(V;\acute{\Theta} \mid X)$,0.0017654373534587023,welch_evo
VDWave_ART_Mimic,(i) $I(V;\acute{\Theta} \mid X)$,0.0017283982279524721,welch_evo
VDWave_ART_Mimic,(i) $I(V;\acute{\Theta} \mid X)$,0.001811521427145752,welch_evo
VDWave_ART_Mimic,(i) $I(V;\acute{\Theta} \mid X)$,0.0020220955671217972,welch_evo
VDWave_ART_Mimic,(i) $I(V;\acute{\Theta} \mid X)$,0.00181363545630633,welch_evo
VDWave_ART_Mimic,(i) $I(V;\acute{\Theta} \mid X)$,0.001989174916866383,welch_evo
VDWave_ART_Mimic,(i) $I(V;\acute{\Theta} \mid X)$,0.0017736210547275083,welch_evo
VDWave_ART_Mimic,(i) $I(V;\acute{\Theta} \mid X)$,0.0018597734289287754,welch_evo
VDWave_ART_Mimic,(i) $I(V;\acute{\Theta} \mid X)$,0.0021957447177610692,welch_evo
VDWave_ART_Mimic,(i) $I(V;\acute{\Theta} \mid X)$,0.002189434444640212,welch_evo
VDWave_ART_Mimic,(i) $I(V;\acute{\Theta} \mid X)$,0.0019320476150287364,welch_evo
VDWave_ART_Mimic,(i) $I(V;\acute{\Theta} \mid X)$,0.0015837662048731125,welch_evo
VDWave_ART_Mimic,(i) $I(V;\acute{\Theta} \mid X)$,0.0017575285047262568,welch_evo
VDWave_ART_Mimic,(i) $I(V;\acute{\Theta} \mid X)$,0.0016539184970628502,welch_evo
VDWave_ART_Mimic,(i) $I(V;\acute{\Theta} \mid X)$,0.0021154861242682122,welch_evo
VDWave_ART_Mimic,(i) $I(V;\acute{\Theta} \mid X)$,0.0020073964133287842,welch_evo
VDWave_ART_Mimic,(i) $I(V;\acute{\Theta} \mid X)$,0.001794648176740358,welch_evo
VDWave_ART_Mimic,(i) $I(V;\acute{\Theta} \mid X)$,0.0018505154684191128,welch_evo
VDWave_ART_Mimic,(i) $I(V;\acute{\Theta} \mid X)$,0.002087971849438988,welch_evo
VDWave_ART_Mimic,(i) $I(V;\acute{\Theta} \mid X)$,0.0019420948862112991,welch_evo
VDWave_ART_Mimic,(i) $I(V;\acute{\Theta} \mid X)$,0.0020166349616149827,welch_evo
VDWave_ART_Mimic,(i) $I(V;\acute{\Theta} \mid X)$,0.0017051637218212668,welch_evo
VDWave_ART_Mimic,(i) $I(V;\acute{\Theta} \mid X)$,0.0017652031255919382,welch_evo
VDWave_ART_Mimic,(i) $I(V;\acute{\Theta} \mid X)$,0.0015124353897199056,welch_evo
VDWave_ART_Mimic,(i) $I(V;\acute{\Theta} \mid X)$,0.001739349826018967,welch_evo
VDWave_ART_Mimic,(i) $I(V;\acute{\Theta} \mid X)$,0.0017801393346848229,welch_evo
VDWave_ART_Mimic,(i) $I(V;\acute{\Theta} \mid X)$,0.0016767013842885364,welch_evo
VDWave_ART_Mimic,(i) $I(V;\acute{\Theta} \mid X)$,0.0019559837864830984,welch_evo
VDWave_ART_Mimic,(i) $I(V;\acute{\Theta} \mid X)$,0.0016694520624634568,welch_evo
VDWave_ART_Mimic,(i) $I(V;\acute{\Theta} \mid X)$,0.0019638499886154735,welch_evo
VDWave_ART_Mimic,(i) $I(V;\acute{\Theta} \mid X)$,0.0017872225179983833,welch_evo
VDWave_ART_Mimic,(i) $I(V;\acute{\Theta} \mid X)$,0.002017060265915663,welch_evo
VDWave_ART_Mimic,(i) $I(V;\acute{\Theta} \mid X)$,0.0020989307043049353,welch_evo
VDWave_ART_Mimic,(i) $I(V;\acute{\Theta} \mid X)$,0.0021020221258537825,welch_evo
VDWave_ART_Mimic,(i) $I(V;\acute{\Theta} \mid X)$,0.001630465199021851,welch_evo
VDWave_ART_Mimic,(i) $I(V;\acute{\Theta} \mid X)$,0.0015526480094124862,welch_evo
VDWave_ART_Mimic,(i) $I(V;\acute{\Theta} \mid X)$,0.0020654208787681677,welch_evo
VDWave_ART_Mimic,(i) $I(V;\acute{\Theta} \mid X)$,0.0017068095538008384,welch_evo
VDWave_ART_Mimic,(i) $I(V;\acute{\Theta} \mid X)$,0.001985931573288123,welch_evo
VDWave_ART_Mimic,(i) $I(V;\acute{\Theta} \mid X)$,0.0016190685778292378,welch_evo
VDWave_ART_Mimic,(i) $I(V;\acute{\Theta} \mid X)$,0.0019667325010002345,welch_evo
VDWave_ART_Mimic,(i) $I(V;\acute{\Theta} \mid X)$,0.0017969787419402055,welch_evo
VDWave_ART_Mimic,(i) $I(V;\acute{\Theta} \mid X)$,0.0019932385003831963,welch_evo
VDWave_ART_Mimic,(i) $I(V;\acute{\Theta} \mid X)$,0.0017851670943223132,welch_evo
VDWave_ART_Mimic,(i) $I(V;\acute{\Theta} \mid X)$,0.0019112845779127002,welch_evo
VDWave_ART_Mimic,(i) $I(V;\acute{\Theta} \mid X)$,0.002095858911497575,welch_evo
VDWave_ART_Mimic,(i) $I(V;\acute{\Theta} \mid X)$,0.0019531173405659275,welch_evo
VDWave_ART_Mimic,(i) $I(V;\acute{\Theta} \mid X)$,0.00179558114203563,welch_evo
VDWave_ART_Mimic,(i) $I(V;\acute{\Theta} \mid X)$,0.0017531575420715042,welch_evo
VDWave_ART_Mimic,(i) $I(V;\acute{\Theta} \mid X)$,0.001703934759446612,welch_evo
VDWave_ART_Mimic,(i) $I(V;\acute{\Theta} \mid X)$,0.0017354004054174707,welch_evo
VDWave_ART_Mimic,(i) $I(V;\acute{\Theta} \mid X)$,0.002232209203909407,welch_evo
VDWave_ART_Mimic,(i) $I(V;\acute{\Theta} \mid X)$,0.0019127497859273237,welch_evo
VDWave_ART_Mimic,(i) $I(V;\acute{\Theta} \mid X)$,0.002114773586255213,welch_evo
VDWave_ART_Mimic,(i) $I(V;\acute{\Theta} \mid X)$,0.0020640822990939285,welch_evo
VDWave_ART_Mimic,(i) $I(V;\acute{\Theta} \mid X)$,0.0019985722214734673,welch_evo
VDWave_ART_Mimic,(i) $I(V;\acute{\Theta} \mid X)$,0.0017909566019430145,welch_evo
VDWave_ART_Mimic,(i) $I(V;\acute{\Theta} \mid X)$,0.002249397604971389,welch_evo
VDWave_ART_Mimic,(i) $I(V;\acute{\Theta} \mid X)$,0.002158339330246673,welch_evo
VDWave_ART_Mimic,(i) $I(V;\acute{\Theta} \mid X)$,0.001572566477684795,welch_evo
VDWave_ART_Mimic,(i) $I(V;\acute{\Theta} \mid X)$,0.0019510604962221926,welch_evo
VDWave_ART_Mimic,(i) $I(V;\acute{\Theta} \mid X)$,0.002125791802887066,welch_evo
VDWave_ART_Mimic,(i) $I(V;\acute{\Theta} \mid X)$,0.0017810430981142105,welch_evo
VDWave_ART_Mimic,(i) $I(V;\acute{\Theta} \mid X)$,0.0019214100311755764,welch_evo
VDWave_ART_Mimic,(i) $I(V;\acute{\Theta} \mid X)$,0.0016954408032979734,welch_evo
VDWave_ART_Mimic,(i) $I(V;\acute{\Theta} \mid X)$,0.0018078456070806824,welch_evo
VDWave_ART_Mimic,(i) $I(V;\acute{\Theta} \mid X)$,0.0022921895790289273,welch_evo
VDWave_ART_Mimic,(i) $I(V;\acute{\Theta} \mid X)$,0.0017841683134419241,welch_evo
VDWave_ART_Mimic,(i) $I(V;\acute{\Theta} \mid X)$,0.001670882126554424,welch_evo
VDWave_ART_Mimic,(i) $I(V;\acute{\Theta} \mid X)$,0.0016155669768136887,welch_evo
VDWave_ART_Mimic,(i) $I(V;\acute{\Theta} \mid X)$,0.0021262146636498265,welch_evo
VDWave_ART_Mimic,(i) $I(V;\acute{\Theta} \mid X)$,0.002224843325970416,welch_evo
VDWave_ART_Mimic,(i) $I(V;\acute{\Theta} \mid X)$,0.0019373033905378716,welch_evo
VDWave_ART_Mimic,(i) $I(V;\acute{\Theta} \mid X)$,0.0018655669533449778,welch_evo
VDWave_ART_Mimic,(i) $I(V;\acute{\Theta} \mid X)$,0.0015722947352273156,welch_evo
VDWave_ART_Mimic,(i) $I(V;\acute{\Theta} \mid X)$,0.0025663983707623884,welch_evo
VDWave_ART_Mimic,(i) $I(V;\acute{\Theta} \mid X)$,0.001679252282252343,welch_evo
VDWave_ART_Mimic,(i) $I(V;\acute{\Theta} \mid X)$,0.0022080194144456027,welch_evo
VDWave_ART_Mimic,(i) $I(V;\acute{\Theta} \mid X)$,0.0017689901248115398,welch_evo
VDWave_ART_Mimic,(i) $I(V;\acute{\Theta} \mid X)$,0.002106003119063728,welch_evo
VDWave_ART_Mimic,(i) $I(V;\acute{\Theta} \mid X)$,0.0020981785213151417,welch_evo
VDWave_ART_Mimic,(i) $I(V;\acute{\Theta} \mid X)$,0.0024912595420133626,welch_evo
VDWave_ART_Mimic,(i) $I(V;\acute{\Theta} \mid X)$,0.0019114327834072243,welch_evo
VDWave_ART_Mimic,(i) $I(V;\acute{\Theta} \mid X)$,0.0017844040603922314,welch_evo
VDWave_ART_Mimic,(i) $I(V;\acute{\Theta} \mid X)$,0.0018624474024980556,welch_evo
VDWave_ART_Mimic,(i) $I(V;\acute{\Theta} \mid X)$,0.0016296708222213628,welch_evo
VDWave_ART_Mimic,(i) $I(V;\acute{\Theta} \mid X)$,0.0015912734477996327,welch_evo
VDWave_ART_Mimic,(i) $I(V;\acute{\Theta} \mid X)$,0.0019032139229698255,welch_evo
VDWave_ART_Mimic,(i) $I(V;\acute{\Theta} \mid X)$,0.0020119734510713593,welch_evo
VDWave_ART_Mimic,(i) $I(V;\acute{\Theta} \mid X)$,0.002262283196208767,welch_evo
VDWave_ART_Mimic,(i) $I(V;\acute{\Theta} \mid X)$,0.0016082492193717174,welch_evo
VDWave_ART_Mimic,(i) $I(V;\acute{\Theta} \mid X)$,0.0019231975904077012,welch_evo
VDWave_ART_Mimic,(i) $I(V;\acute{\Theta} \mid X)$,0.0021337942392266763,welch_evo
VDWave_ART_Mimic,(i) $I(V;\acute{\Theta} \mid X)$,0.0018241438346712855,welch_evo
VDWave_ART_Mimic,(i) $I(V;\acute{\Theta} \mid X)$,0.0015491742881436515,welch_evo
VDWave_ART_Mimic,(i) $I(V;\acute{\Theta} \mid X)$,0.0022460064264496985,welch_evo
VDWave_ART_Mimic,(i) $I(V;\acute{\Theta} \mid X)$,0.0019161873154435296,welch_evo
VDWave_ART_Mimic,(i) $I(V;\acute{\Theta} \mid X)$,0.0016547543676536736,welch_evo
VDWave_ART_Mimic,(i) $I(V;\acute{\Theta} \mid X)$,0.002040359499632285,welch_evo
VDWave_ART_Mimic,(i) $I(V;\acute{\Theta} \mid X)$,0.0022271038258563185,welch_evo
VDWave_ART_Mimic,(i) $I(V;\acute{\Theta} \mid X)$,0.002288891032175576,welch_evo
VDWave_ART_Mimic,(ii) $I(S;\acute{\Theta} \mid X)$,0.003678709576593519,welch_evo
VDWave_ART_Mimic,(ii) $I(S;\acute{\Theta} \mid X)$,0.003996864381839714,welch_evo
VDWave_ART_Mimic,(ii) $I(S;\acute{\Theta} \mid X)$,0.004454586482755974,welch_evo
VDWave_ART_Mimic,(ii) $I(S;\acute{\Theta} \mid X)$,0.003946429886318612,welch_evo
VDWave_ART_Mimic,(ii) $I(S;\acute{\Theta} \mid X)$,0.0041566383138658064,welch_evo
VDWave_ART_Mimic,(ii) $I(S;\acute{\Theta} \mid X)$,0.004095677872001714,welch_evo
VDWave_ART_Mimic,(ii) $I(S;\acute{\Theta} \mid X)$,0.004211329225502404,welch_evo
VDWave_ART_Mimic,(ii) $I(S;\acute{\Theta} \mid X)$,0.0038458225885282956,welch_evo
VDWave_ART_Mimic,(ii) $I(S;\acute{\Theta} \mid X)$,0.0038211599905852004,welch_evo
VDWave_ART_Mimic,(ii) $I(S;\acute{\Theta} \mid X)$,0.003988005295488501,welch_evo
VDWave_ART_Mimic,(ii) $I(S;\acute{\Theta} \mid X)$,0.004040051969676994,welch_evo
VDWave_ART_Mimic,(ii) $I(S;\acute{\Theta} \mid X)$,0.003981141135994671,welch_evo
VDWave_ART_Mimic,(ii) $I(S;\acute{\Theta} \mid X)$,0.004572562070070302,welch_evo
VDWave_ART_Mimic,(ii) $I(S;\acute{\Theta} \mid X)$,0.0043353929933810055,welch_evo
VDWave_ART_Mimic,(ii) $I(S;\acute{\Theta} \mid X)$,0.004254695897410091,welch_evo
VDWave_ART_Mimic,(ii) $I(S;\acute{\Theta} \mid X)$,0.004268549437473864,welch_evo
VDWave_ART_Mimic,(ii) $I(S;\acute{\Theta} \mid X)$,0.0037849358241745577,welch_evo
VDWave_ART_Mimic,(ii) $I(S;\acute{\Theta} \mid X)$,0.0038517143542532556,welch_evo
VDWave_ART_Mimic,(ii) $I(S;\acute{\Theta} \mid X)$,0.004137437985247167,welch_evo
VDWave_ART_Mimic,(ii) $I(S;\acute{\Theta} \mid X)$,0.004373329937867347,welch_evo
VDWave_ART_Mimic,(ii) $I(S;\acute{\Theta} \mid X)$,0.003949421617281167,welch_evo
VDWave_ART_Mimic,(ii) $I(S;\acute{\Theta} \mid X)$,0.003954700698015773,welch_evo
VDWave_ART_Mimic,(ii) $I(S;\acute{\Theta} \mid X)$,0.003835138021287702,welch_evo
VDWave_ART_Mimic,(ii) $I(S;\acute{\Theta} \mid X)$,0.004433413770165658,welch_evo
VDWave_ART_Mimic,(ii) $I(S;\acute{\Theta} \mid X)$,0.003957087000425893,welch_evo
VDWave_ART_Mimic,(ii) $I(S;\acute{\Theta} \mid X)$,0.004375285972920765,welch_evo
VDWave_ART_Mimic,(ii) $I(S;\acute{\Theta} \mid X)$,0.003983903651391788,welch_evo
VDWave_ART_Mimic,(ii) $I(S;\acute{\Theta} \mid X)$,0.003851563175449332,welch_evo
VDWave_ART_Mimic,(ii) $I(S;\acute{\Theta} \mid X)$,0.004263512775305001,welch_evo
VDWave_ART_Mimic,(ii) $I(S;\acute{\Theta} \mid X)$,0.00428967592334816,welch_evo
VDWave_ART_Mimic,(ii) $I(S;\acute{\Theta} \mid X)$,0.004458999858192876,welch_evo
VDWave_ART_Mimic,(ii) $I(S;\acute{\Theta} \mid X)$,0.004002942361568018,welch_evo
VDWave_ART_Mimic,(ii) $I(S;\acute{\Theta} \mid X)$,0.0037564867287528474,welch_evo
VDWave_ART_Mimic,(ii) $I(S;\acute{\Theta} \mid X)$,0.0042734460408377995,welch_evo
VDWave_ART_Mimic,(ii) $I(S;\acute{\Theta} \mid X)$,0.004178614756298423,welch_evo
VDWave_ART_Mimic,(ii) $I(S;\acute{\Theta} \mid X)$,0.0038655871373804735,welch_evo
VDWave_ART_Mimic,(ii) $I(S;\acute{\Theta} \mid X)$,0.004623357889546099,welch_evo
VDWave_ART_Mimic,(ii) $I(S;\acute{\Theta} \mid X)$,0.0038285848388494143,welch_evo
VDWave_ART_Mimic,(ii) $I(S;\acute{\Theta} \mid X)$,0.00431536823339122,welch_evo
VDWave_ART_Mimic,(ii) $I(S;\acute{\Theta} \mid X)$,0.003759979024757847,welch_evo
VDWave_ART_Mimic,(ii) $I(S;\acute{\Theta} \mid X)$,0.003909260827710123,welch_evo
VDWave_ART_Mimic,(ii) $I(S;\acute{\Theta} \mid X)$,0.004101414530816838,welch_evo
VDWave_ART_Mimic,(ii) $I(S;\acute{\Theta} \mid X)$,0.003981688511346792,welch_evo
VDWave_ART_Mimic,(ii) $I(S;\acute{\Theta} \mid X)$,0.00394280828211933,welch_evo
VDWave_ART_Mimic,(ii) $I(S;\acute{\Theta} \mid X)$,0.003918708171163442,welch_evo
VDWave_ART_Mimic,(ii) $I(S;\acute{\Theta} \mid X)$,0.003996417226562227,welch_evo
VDWave_ART_Mimic,(ii) $I(S;\acute{\Theta} \mid X)$,0.003976522132411914,welch_evo
VDWave_ART_Mimic,(ii) $I(S;\acute{\Theta} \mid X)$,0.004434941460668936,welch_evo
VDWave_ART_Mimic,(ii) $I(S;\acute{\Theta} \mid X)$,0.004031995606741759,welch_evo
VDWave_ART_Mimic,(ii) $I(S;\acute{\Theta} \mid X)$,0.004082634642515997,welch_evo
VDWave_ART_Mimic,(ii) $I(S;\acute{\Theta} \mid X)$,0.004138959621277115,welch_evo
VDWave_ART_Mimic,(ii) $I(S;\acute{\Theta} \mid X)$,0.003962777981573012,welch_evo
VDWave_ART_Mimic,(ii) $I(S;\acute{\Theta} \mid X)$,0.003730520036922369,welch_evo
VDWave_ART_Mimic,(ii) $I(S;\acute{\Theta} \mid X)$,0.004068931141901362,welch_evo
VDWave_ART_Mimic,(ii) $I(S;\acute{\Theta} \mid X)$,0.00412404148048945,welch_evo
VDWave_ART_Mimic,(ii) $I(S;\acute{\Theta} \mid X)$,0.004151208847926401,welch_evo
VDWave_ART_Mimic,(ii) $I(S;\acute{\Theta} \mid X)$,0.003904641518191671,welch_evo
VDWave_ART_Mimic,(ii) $I(S;\acute{\Theta} \mid X)$,0.003837998351460445,welch_evo
VDWave_ART_Mimic,(ii) $I(S;\acute{\Theta} \mid X)$,0.0037955192169571357,welch_evo
VDWave_ART_Mimic,(ii) $I(S;\acute{\Theta} \mid X)$,0.004044355060194991,welch_evo
VDWave_ART_Mimic,(ii) $I(S;\acute{\Theta} \mid X)$,0.0041489003620865505,welch_evo
VDWave_ART_Mimic,(ii) $I(S;\acute{\Theta} \mid X)$,0.004374313980716252,welch_evo
VDWave_ART_Mimic,(ii) $I(S;\acute{\Theta} \mid X)$,0.004077603800644677,welch_evo
VDWave_ART_Mimic,(ii) $I(S;\acute{\Theta} \mid X)$,0.004477938491301891,welch_evo
VDWave_ART_Mimic,(ii) $I(S;\acute{\Theta} \mid X)$,0.003910083188346588,welch_evo
VDWave_ART_Mimic,(ii) $I(S;\acute{\Theta} \mid X)$,0.004077489176966238,welch_evo
VDWave_ART_Mimic,(ii) $I(S;\acute{\Theta} \mid X)$,0.004078538046817164,welch_evo
VDWave_ART_Mimic,(ii) $I(S;\acute{\Theta} \mid X)$,0.00427248515147668,welch_evo
VDWave_ART_Mimic,(ii) $I(S;\acute{\Theta} \mid X)$,0.004169045580909933,welch_evo
VDWave_ART_Mimic,(ii) $I(S;\acute{\Theta} \mid X)$,0.0038226406814035087,welch_evo
VDWave_ART_Mimic,(ii) $I(S;\acute{\Theta} \mid X)$,0.004042907398530791,welch_evo
VDWave_ART_Mimic,(ii) $I(S;\acute{\Theta} \mid X)$,0.004295916031754639,welch_evo
VDWave_ART_Mimic,(ii) $I(S;\acute{\Theta} \mid X)$,0.0039454368308157375,welch_evo
VDWave_ART_Mimic,(ii) $I(S;\acute{\Theta} \mid X)$,0.004093773560521752,welch_evo
VDWave_ART_Mimic,(ii) $I(S;\acute{\Theta} \mid X)$,0.00406439847705189,welch_evo
VDWave_ART_Mimic,(ii) $I(S;\acute{\Theta} \mid X)$,0.00458717119147249,welch_evo
VDWave_ART_Mimic,(ii) $I(S;\acute{\Theta} \mid X)$,0.0039122852364333206,welch_evo
VDWave_ART_Mimic,(ii) $I(S;\acute{\Theta} \mid X)$,0.004557934847334951,welch_evo
VDWave_ART_Mimic,(ii) $I(S;\acute{\Theta} \mid X)$,0.004106033942297574,welch_evo
VDWave_ART_Mimic,(ii) $I(S;\acute{\Theta} \mid X)$,0.004375395519010011,welch_evo
VDWave_ART_Mimic,(ii) $I(S;\acute{\Theta} \mid X)$,0.003392348872977582,welch_evo
VDWave_ART_Mimic,(ii) $I(S;\acute{\Theta} \mid X)$,0.0036187507361893933,welch_evo
VDWave_ART_Mimic,(ii) $I(S;\acute{\Theta} \mid X)$,0.004460395409585722,welch_evo
VDWave_ART_Mimic,(ii) $I(S;\acute{\Theta} \mid X)$,0.003981300893359589,welch_evo
VDWave_ART_Mimic,(ii) $I(S;\acute{\Theta} \mid X)$,0.0044090343691943,welch_evo
VDWave_ART_Mimic,(ii) $I(S;\acute{\Theta} \mid X)$,0.004358870346544777,welch_evo
VDWave_ART_Mimic,(ii) $I(S;\acute{\Theta} \mid X)$,0.0037870490982042965,welch_evo
VDWave_ART_Mimic,(ii) $I(S;\acute{\Theta} \mid X)$,0.004517224687644,welch_evo
VDWave_ART_Mimic,(ii) $I(S;\acute{\Theta} \mid X)$,0.003952779436152385,welch_evo
VDWave_ART_Mimic,(ii) $I(S;\acute{\Theta} \mid X)$,0.004722160356098658,welch_evo
VDWave_ART_Mimic,(ii) $I(S;\acute{\Theta} \mid X)$,0.0038871136289370944,welch_evo
VDWave_ART_Mimic,(ii) $I(S;\acute{\Theta} \mid X)$,0.0036398241364543837,welch_evo
VDWave_ART_Mimic,(ii) $I(S;\acute{\Theta} \mid X)$,0.004349455596529778,welch_evo
VDWave_ART_Mimic,(ii) $I(S;\acute{\Theta} \mid X)$,0.004089706592953112,welch_evo
VDWave_ART_Mimic,(ii) $I(S;\acute{\Theta} \mid X)$,0.004380658722107409,welch_evo
VDWave_ART_Mimic,(ii) $I(S;\acute{\Theta} \mid X)$,0.004269072803095964,welch_evo
VDWave_ART_Mimic,(ii) $I(S;\acute{\Theta} \mid X)$,0.0043709315825745335,welch_evo
VDWave_ART_Mimic,(ii) $I(S;\acute{\Theta} \mid X)$,0.00408599584314962,welch_evo
VDWave_ART_Mimic,(ii) $I(S;\acute{\Theta} \mid X)$,0.003778327681654607,welch_evo
VDWave_ART_Mimic,(ii) $I(S;\acute{\Theta} \mid X)$,0.004281021787943883,welch_evo
VDWave_ART_Mimic,(ii) $I(S;\acute{\Theta} \mid X)$,0.00415176148010093,welch_evo
VDWave_ART_Mimic,(ii) $I(S;\acute{\Theta} \mid X)$,0.004105921662516622,welch_evo
VDWave_ART_Mimic,(ii) $I(S;\acute{\Theta} \mid X)$,0.004314530430460712,welch_evo
VDWave_ART_Mimic,(ii) $I(S;\acute{\Theta} \mid X)$,0.0037462531207189537,welch_evo
VDWave_ART_Mimic,(ii) $I(S;\acute{\Theta} \mid X)$,0.004026631253769605,welch_evo
VDWave_ART_Mimic,(ii) $I(S;\acute{\Theta} \mid X)$,0.003975485281522623,welch_evo
VDWave_ART_Mimic,(ii) $I(S;\acute{\Theta} \mid X)$,0.0038573702664067605,welch_evo
VDWave_ART_Mimic,(ii) $I(S;\acute{\Theta} \mid X)$,0.003993504844626436,welch_evo
VDWave_ART_Mimic,(ii) $I(S;\acute{\Theta} \mid X)$,0.0042038447806328075,welch_evo
VDWave_ART_Mimic,(ii) $I(S;\acute{\Theta} \mid X)$,0.004264535592394244,welch_evo
VDWave_ART_Mimic,(ii) $I(S;\acute{\Theta} \mid X)$,0.0037807889549965707,welch_evo
VDWave_ART_Mimic,(ii) $I(S;\acute{\Theta} \mid X)$,0.004709759975279389,welch_evo
VDWave_ART_Mimic,(ii) $I(S;\acute{\Theta} \mid X)$,0.004241640925964403,welch_evo
VDWave_ART_Mimic,(ii) $I(S;\acute{\Theta} \mid X)$,0.003876012355461867,welch_evo
VDWave_ART_Mimic,(ii) $I(S;\acute{\Theta} \mid X)$,0.003893187707564067,welch_evo
VDWave_ART_Mimic,(ii) $I(S;\acute{\Theta} \mid X)$,0.004331326066542066,welch_evo
VDWave_ART_Mimic,(ii) $I(S;\acute{\Theta} \mid X)$,0.004314945161183844,welch_evo
VDWave_ART_Mimic,(ii) $I(S;\acute{\Theta} \mid X)$,0.003872834831694352,welch_evo
VDWave_ART_Mimic,(ii) $I(S;\acute{\Theta} \mid X)$,0.0038930393741489332,welch_evo
VDWave_ART_Mimic,(ii) $I(S;\acute{\Theta} \mid X)$,0.0039219082428195925,welch_evo
VDWave_ART_Mimic,(ii) $I(S;\acute{\Theta} \mid X)$,0.0040873507896102565,welch_evo
VDWave_ART_Mimic,(ii) $I(S;\acute{\Theta} \mid X)$,0.0044672736523588205,welch_evo
VDWave_ART_Mimic,(ii) $I(S;\acute{\Theta} \mid X)$,0.003943461098735688,welch_evo
VDWave_ART_Mimic,(ii) $I(S;\acute{\Theta} \mid X)$,0.003744242754634622,welch_evo
VDWave_ART_Mimic,(ii) $I(S;\acute{\Theta} \mid X)$,0.0035683761525272324,welch_evo
VDWave_ART_Mimic,(ii) $I(S;\acute{\Theta} \mid X)$,0.004243421102646501,welch_evo
VDWave_ART_Mimic,(ii) $I(S;\acute{\Theta} \mid X)$,0.0038327296219069175,welch_evo
VDWave_ART_Mimic,(ii) $I(S;\acute{\Theta} \mid X)$,0.004207514166806807,welch_evo
VDWave_ART_Mimic,(ii) $I(S;\acute{\Theta} \mid X)$,0.0037863709676991615,welch_evo
VDWave_ART_Mimic,(ii) $I(S;\acute{\Theta} \mid X)$,0.004148458629579868,welch_evo
VDWave_ART_Mimic,(ii) $I(S;\acute{\Theta} \mid X)$,0.00388143084210295,welch_evo
VDWave_ART_Mimic,(ii) $I(S;\acute{\Theta} \mid X)$,0.0039940314213189705,welch_evo
VDWave_ART_Mimic,(ii) $I(S;\acute{\Theta} \mid X)$,0.0038910632571840065,welch_evo
VDWave_ART_Mimic,(ii) $I(S;\acute{\Theta} \mid X)$,0.003983984866696088,welch_evo
VDWave_ART_Mimic,(ii) $I(S;\acute{\Theta} \mid X)$,0.004126147711145745,welch_evo
VDWave_ART_Mimic,(ii) $I(S;\acute{\Theta} \mid X)$,0.0038627058287167898,welch_evo
VDWave_ART_Mimic,(ii) $I(S;\acute{\Theta} \mid X)$,0.004312610204426767,welch_evo
VDWave_ART_Mimic,(ii) $I(S;\acute{\Theta} \mid X)$,0.003517281512121541,welch_evo
VDWave_ART_Mimic,(ii) $I(S;\acute{\Theta} \mid X)$,0.004490025949158213,welch_evo
VDWave_ART_Mimic,(ii) $I(S;\acute{\Theta} \mid X)$,0.004491278638610438,welch_evo
VDWave_ART_Mimic,(ii) $I(S;\acute{\Theta} \mid X)$,0.004063060774922769,welch_evo
VDWave_ART_Mimic,(ii) $I(S;\acute{\Theta} \mid X)$,0.0038231570853951287,welch_evo
VDWave_ART_Mimic,(ii) $I(S;\acute{\Theta} \mid X)$,0.0035915998546293447,welch_evo
VDWave_ART_Mimic,(ii) $I(S;\acute{\Theta} \mid X)$,0.0041196322860616716,welch_evo
VDWave_ART_Mimic,(ii) $I(S;\acute{\Theta} \mid X)$,0.004014980781679461,welch_evo
VDWave_ART_Mimic,(ii) $I(S;\acute{\Theta} \mid X)$,0.004460190114801792,welch_evo
VDWave_ART_Mimic,(ii) $I(S;\acute{\Theta} \mid X)$,0.0038010758955131056,welch_evo
VDWave_ART_Mimic,(ii) $I(S;\acute{\Theta} \mid X)$,0.003967281920599164,welch_evo
VDWave_ART_Mimic,(ii) $I(S;\acute{\Theta} \mid X)$,0.004147285010031488,welch_evo
VDWave_ART_Mimic,(ii) $I(S;\acute{\Theta} \mid X)$,0.004118916747814876,welch_evo
VDWave_ART_Mimic,(ii) $I(S;\acute{\Theta} \mid X)$,0.003998905678035071,welch_evo
VDWave_ART_Mimic,(ii) $I(S;\acute{\Theta} \mid X)$,0.0038999584557529773,welch_evo
VDWave_ART_Mimic,(ii) $I(S;\acute{\Theta} \mid X)$,0.004012027386322504,welch_evo
VDWave_ART_Mimic,(ii) $I(S;\acute{\Theta} \mid X)$,0.003992247261557907,welch_evo
VDWave_ART_Mimic,(ii) $I(S;\acute{\Theta} \mid X)$,0.004476105539677778,welch_evo
VDWave_ART_Mimic,(ii) $I(S;\acute{\Theta} \mid X)$,0.0041337282459688145,welch_evo
VDWave_ART_Mimic,(ii) $I(S;\acute{\Theta} \mid X)$,0.003991604619698706,welch_evo
VDWave_ART_Mimic,(ii) $I(S;\acute{\Theta} \mid X)$,0.004439547032409223,welch_evo
VDWave_ART_Mimic,(ii) $I(S;\acute{\Theta} \mid X)$,0.004024010708564456,welch_evo
VDWave_ART_Mimic,(ii) $I(S;\acute{\Theta} \mid X)$,0.004374157836486739,welch_evo
VDWave_ART_Mimic,(ii) $I(S;\acute{\Theta} \mid X)$,0.003898848756790876,welch_evo
VDWave_ART_Mimic,(ii) $I(S;\acute{\Theta} \mid X)$,0.004135382085989003,welch_evo
VDWave_ART_Mimic,(ii) $I(S;\acute{\Theta} \mid X)$,0.003759450602854795,welch_evo
VDWave_ART_Mimic,(ii) $I(S;\acute{\Theta} \mid X)$,0.003883819404893604,welch_evo
VDWave_ART_Mimic,(ii) $I(S;\acute{\Theta} \mid X)$,0.003916128120594162,welch_evo
VDWave_ART_Mimic,(ii) $I(S;\acute{\Theta} \mid X)$,0.003984315506812157,welch_evo
VDWave_ART_Mimic,(ii) $I(S;\acute{\Theta} \mid X)$,0.004092007513855924,welch_evo
VDWave_ART_Mimic,(ii) $I(S;\acute{\Theta} \mid X)$,0.0041187775282399116,welch_evo
VDWave_ART_Mimic,(ii) $I(S;\acute{\Theta} \mid X)$,0.004151910381236854,welch_evo
VDWave_ART_Mimic,(ii) $I(S;\acute{\Theta} \mid X)$,0.004020344040782856,welch_evo
VDWave_ART_Mimic,(ii) $I(S;\acute{\Theta} \mid X)$,0.004038344372852438,welch_evo
VDWave_ART_Mimic,(ii) $I(S;\acute{\Theta} \mid X)$,0.004724735702604758,welch_evo
VDWave_ART_Mimic,(ii) $I(S;\acute{\Theta} \mid X)$,0.004325728203047025,welch_evo
VDWave_ART_Mimic,(ii) $I(S;\acute{\Theta} \mid X)$,0.004249534473354524,welch_evo
VDWave_ART_Mimic,(ii) $I(S;\acute{\Theta} \mid X)$,0.004153545042133038,welch_evo
VDWave_ART_Mimic,(ii) $I(S;\acute{\Theta} \mid X)$,0.004175352342232283,welch_evo
VDWave_ART_Mimic,(ii) $I(S;\acute{\Theta} \mid X)$,0.004014053403514315,welch_evo
VDWave_ART_Mimic,(ii) $I(S;\acute{\Theta} \mid X)$,0.004064715624320444,welch_evo
VDWave_ART_Mimic,(ii) $I(S;\acute{\Theta} \mid X)$,0.00411886372528428,welch_evo
VDWave_ART_Mimic,(ii) $I(S;\acute{\Theta} \mid X)$,0.004084361126415605,welch_evo
VDWave_ART_Mimic,(ii) $I(S;\acute{\Theta} \mid X)$,0.0041407144708028015,welch_evo
VDWave_ART_Mimic,(ii) $I(S;\acute{\Theta} \mid X)$,0.0045728428014219944,welch_evo
VDWave_ART_Mimic,(ii) $I(S;\acute{\Theta} \mid X)$,0.004112868229412478,welch_evo
VDWave_ART_Mimic,(ii) $I(S;\acute{\Theta} \mid X)$,0.00405323670872664,welch_evo
VDWave_ART_Mimic,(ii) $I(S;\acute{\Theta} \mid X)$,0.00428350239279983,welch_evo
VDWave_ART_Mimic,(ii) $I(S;\acute{\Theta} \mid X)$,0.004127289681786283,welch_evo
VDWave_ART_Mimic,(ii) $I(S;\acute{\Theta} \mid X)$,0.003890372502088541,welch_evo
VDWave_ART_Mimic,(ii) $I(S;\acute{\Theta} \mid X)$,0.003918978446525816,welch_evo
VDWave_ART_Mimic,(ii) $I(S;\acute{\Theta} \mid X)$,0.004575123884107582,welch_evo
VDWave_ART_Mimic,(ii) $I(S;\acute{\Theta} \mid X)$,0.004060784164949571,welch_evo
VDWave_ART_Mimic,(ii) $I(S;\acute{\Theta} \mid X)$,0.004169501031179073,welch_evo
VDWave_ART_Mimic,(ii) $I(S;\acute{\Theta} \mid X)$,0.004084958772836411,welch_evo
VDWave_ART_Mimic,(ii) $I(S;\acute{\Theta} \mid X)$,0.004150332736797612,welch_evo
VDWave_ART_Mimic,(ii) $I(S;\acute{\Theta} \mid X)$,0.0038915272098398695,welch_evo
VDWave_ART_Mimic,(ii) $I(S;\acute{\Theta} \mid X)$,0.0036708376687690863,welch_evo
VDWave_ART_Mimic,(ii) $I(S;\acute{\Theta} \mid X)$,0.00414849796364308,welch_evo
VDWave_ART_Mimic,(ii) $I(S;\acute{\Theta} \mid X)$,0.004632907995666356,welch_evo
VDWave_ART_Mimic,(ii) $I(S;\acute{\Theta} \mid X)$,0.003864210598063205,welch_evo
VDWave_ART_Mimic,(ii) $I(S;\acute{\Theta} \mid X)$,0.004111750573175623,welch_evo
VDWave_ART_Mimic,(ii) $I(S;\acute{\Theta} \mid X)$,0.004344947136599754,welch_evo
VDWave_ART_Mimic,(ii) $I(S;\acute{\Theta} \mid X)$,0.004352522020173079,welch_evo
VDWave_ART_Mimic,(i) $I(V;\acute{\Theta} \mid X)$,0.0014981147833168507,matching_pursuit
VDWave_ART_Mimic,(i) $I(V;\acute{\Theta} \mid X)$,0.0015007788315415382,matching_pursuit
VDWave_ART_Mimic,(i) $I(V;\acute{\Theta} \mid X)$,0.0015186300734058022,matching_pursuit
VDWave_ART_Mimic,(i) $I(V;\acute{\Theta} \mid X)$,0.0015171850100159645,matching_pursuit
VDWave_ART_Mimic,(i) $I(V;\acute{\Theta} \mid X)$,0.0018226535758003592,matching_pursuit
VDWave_ART_Mimic,(i) $I(V;\acute{\Theta} \mid X)$,0.0013507824623957276,matching_pursuit
VDWave_ART_Mimic,(i) $I(V;\acute{\Theta} \mid X)$,0.0016632713377475739,matching_pursuit
VDWave_ART_Mimic,(i) $I(V;\acute{\Theta} \mid X)$,0.0016838600859045982,matching_pursuit
VDWave_ART_Mimic,(i) $I(V;\acute{\Theta} \mid X)$,0.001203934894874692,matching_pursuit
VDWave_ART_Mimic,(i) $I(V;\acute{\Theta} \mid X)$,0.0015988069353625178,matching_pursuit
VDWave_ART_Mimic,(i) $I(V;\acute{\Theta} \mid X)$,0.0017382241785526276,matching_pursuit
VDWave_ART_Mimic,(i) $I(V;\acute{\Theta} \mid X)$,0.0016067324904724956,matching_pursuit
VDWave_ART_Mimic,(i) $I(V;\acute{\Theta} \mid X)$,0.0016174411866813898,matching_pursuit
VDWave_ART_Mimic,(i) $I(V;\acute{\Theta} \mid X)$,0.0016057123430073261,matching_pursuit
VDWave_ART_Mimic,(i) $I(V;\acute{\Theta} \mid X)$,0.001511701149865985,matching_pursuit
VDWave_ART_Mimic,(i) $I(V;\acute{\Theta} \mid X)$,0.001713913050480187,matching_pursuit
VDWave_ART_Mimic,(i) $I(V;\acute{\Theta} \mid X)$,0.001552744535729289,matching_pursuit
VDWave_ART_Mimic,(i) $I(V;\acute{\Theta} \mid X)$,0.0014478596858680248,matching_pursuit
VDWave_ART_Mimic,(i) $I(V;\acute{\Theta} \mid X)$,0.0015019599813967943,matching_pursuit
VDWave_ART_Mimic,(i) $I(V;\acute{\Theta} \mid X)$,0.0016355003463104367,matching_pursuit
VDWave_ART_Mimic,(i) $I(V;\acute{\Theta} \mid X)$,0.0014483514241874218,matching_pursuit
VDWave_ART_Mimic,(i) $I(V;\acute{\Theta} \mid X)$,0.001450659241527319,matching_pursuit
VDWave_ART_Mimic,(i) $I(V;\acute{\Theta} \mid X)$,0.0016303795855492353,matching_pursuit
VDWave_ART_Mimic,(i) $I(V;\acute{\Theta} \mid X)$,0.001484454027377069,matching_pursuit
VDWave_ART_Mimic,(i) $I(V;\acute{\Theta} \mid X)$,0.001243510516360402,matching_pursuit
VDWave_ART_Mimic,(i) $I(V;\acute{\Theta} \mid X)$,0.0018790236208587885,matching_pursuit
VDWave_ART_Mimic,(i) $I(V;\acute{\Theta} \mid X)$,0.0018133586272597313,matching_pursuit
VDWave_ART_Mimic,(i) $I(V;\acute{\Theta} \mid X)$,0.0014498778618872166,matching_pursuit
VDWave_ART_Mimic,(i) $I(V;\acute{\Theta} \mid X)$,0.0015603388892486691,matching_pursuit
VDWave_ART_Mimic,(i) $I(V;\acute{\Theta} \mid X)$,0.001633365172892809,matching_pursuit
VDWave_ART_Mimic,(i) $I(V;\acute{\Theta} \mid X)$,0.0014310225378721952,matching_pursuit
VDWave_ART_Mimic,(i) $I(V;\acute{\Theta} \mid X)$,0.0016655434155836701,matching_pursuit
VDWave_ART_Mimic,(i) $I(V;\acute{\Theta} \mid X)$,0.0016753049567341805,matching_pursuit
VDWave_ART_Mimic,(i) $I(V;\acute{\Theta} \mid X)$,0.0013793506659567356,matching_pursuit
VDWave_ART_Mimic,(i) $I(V;\acute{\Theta} \mid X)$,0.0014764782972633839,matching_pursuit
VDWave_ART_Mimic,(i) $I(V;\acute{\Theta} \mid X)$,0.0014807219849899411,matching_pursuit
VDWave_ART_Mimic,(i) $I(V;\acute{\Theta} \mid X)$,0.0018149061361327767,matching_pursuit
VDWave_ART_Mimic,(i) $I(V;\acute{\Theta} \mid X)$,0.0015748976729810238,matching_pursuit
VDWave_ART_Mimic,(i) $I(V;\acute{\Theta} \mid X)$,0.0012439123820513487,matching_pursuit
VDWave_ART_Mimic,(i) $I(V;\acute{\Theta} \mid X)$,0.0014191525988280773,matching_pursuit
VDWave_ART_Mimic,(i) $I(V;\acute{\Theta} \mid X)$,0.0017276243306696415,matching_pursuit
VDWave_ART_Mimic,(i) $I(V;\acute{\Theta} \mid X)$,0.0018075325060635805,matching_pursuit
VDWave_ART_Mimic,(i) $I(V;\acute{\Theta} \mid X)$,0.0016213509952649474,matching_pursuit
VDWave_ART_Mimic,(i) $I(V;\acute{\Theta} \mid X)$,0.0015399667900055647,matching_pursuit
VDWave_ART_Mimic,(i) $I(V;\acute{\Theta} \mid X)$,0.0012878681300207973,matching_pursuit
VDWave_ART_Mimic,(i) $I(V;\acute{\Theta} \mid X)$,0.0015561245381832123,matching_pursuit
VDWave_ART_Mimic,(i) $I(V;\acute{\Theta} \mid X)$,0.0016449138056486845,matching_pursuit
VDWave_ART_Mimic,(i) $I(V;\acute{\Theta} \mid X)$,0.0012895965483039618,matching_pursuit
VDWave_ART_Mimic,(i) $I(V;\acute{\Theta} \mid X)$,0.0015866938047111034,matching_pursuit
VDWave_ART_Mimic,(i) $I(V;\acute{\Theta} \mid X)$,0.001554253394715488,matching_pursuit
VDWave_ART_Mimic,(i) $I(V;\acute{\Theta} \mid X)$,0.001800021855160594,matching_pursuit
VDWave_ART_Mimic,(i) $I(V;\acute{\Theta} \mid X)$,0.0016955053433775902,matching_pursuit
VDWave_ART_Mimic,(i) $I(V;\acute{\Theta} \mid X)$,0.001363291870802641,matching_pursuit
VDWave_ART_Mimic,(i) $I(V;\acute{\Theta} \mid X)$,0.0015890971990302205,matching_pursuit
VDWave_ART_Mimic,(i) $I(V;\acute{\Theta} \mid X)$,0.0015195817686617374,matching_pursuit
VDWave_ART_Mimic,(i) $I(V;\acute{\Theta} \mid X)$,0.00179860380012542,matching_pursuit
VDWave_ART_Mimic,(i) $I(V;\acute{\Theta} \mid X)$,0.001587423961609602,matching_pursuit
VDWave_ART_Mimic,(i) $I(V;\acute{\Theta} \mid X)$,0.001828992972150445,matching_pursuit
VDWave_ART_Mimic,(i) $I(V;\acute{\Theta} \mid X)$,0.001607344951480627,matching_pursuit
VDWave_ART_Mimic,(i) $I(V;\acute{\Theta} \mid X)$,0.0013894949806854129,matching_pursuit
VDWave_ART_Mimic,(i) $I(V;\acute{\Theta} \mid X)$,0.00169903296045959,matching_pursuit
VDWave_ART_Mimic,(i) $I(V;\acute{\Theta} \mid X)$,0.002026590518653393,matching_pursuit
VDWave_ART_Mimic,(i) $I(V;\acute{\Theta} \mid X)$,0.001465710112825036,matching_pursuit
VDWave_ART_Mimic,(i) $I(V;\acute{\Theta} \mid X)$,0.0020852836314588785,matching_pursuit
VDWave_ART_Mimic,(i) $I(V;\acute{\Theta} \mid X)$,0.0016563932877033949,matching_pursuit
VDWave_ART_Mimic,(i) $I(V;\acute{\Theta} \mid X)$,0.0015568307135254145,matching_pursuit
VDWave_ART_Mimic,(i) $I(V;\acute{\Theta} \mid X)$,0.0015439993003383279,matching_pursuit
VDWave_ART_Mimic,(i) $I(V;\acute{\Theta} \mid X)$,0.001567149767652154,matching_pursuit
VDWave_ART_Mimic,(i) $I(V;\acute{\Theta} \mid X)$,0.0014439725782722235,matching_pursuit
VDWave_ART_Mimic,(i) $I(V;\acute{\Theta} \mid X)$,0.001768243731930852,matching_pursuit
VDWave_ART_Mimic,(i) $I(V;\acute{\Theta} \mid X)$,0.0015236606122925878,matching_pursuit
VDWave_ART_Mimic,(i) $I(V;\acute{\Theta} \mid X)$,0.0016165088163688779,matching_pursuit
VDWave_ART_Mimic,(i) $I(V;\acute{\Theta} \mid X)$,0.0014862943207845092,matching_pursuit
VDWave_ART_Mimic,(i) $I(V;\acute{\Theta} \mid X)$,0.0018810698529705405,matching_pursuit
VDWave_ART_Mimic,(i) $I(V;\acute{\Theta} \mid X)$,0.0016055022133514285,matching_pursuit
VDWave_ART_Mimic,(i) $I(V;\acute{\Theta} \mid X)$,0.0018921652808785439,matching_pursuit
VDWave_ART_Mimic,(i) $I(V;\acute{\Theta} \mid X)$,0.0016116607002913952,matching_pursuit
VDWave_ART_Mimic,(i) $I(V;\acute{\Theta} \mid X)$,0.0017153971130028367,matching_pursuit
VDWave_ART_Mimic,(i) $I(V;\acute{\Theta} \mid X)$,0.0017103904392570257,matching_pursuit
VDWave_ART_Mimic,(i) $I(V;\acute{\Theta} \mid X)$,0.0017832934390753508,matching_pursuit
VDWave_ART_Mimic,(i) $I(V;\acute{\Theta} \mid X)$,0.001555823371745646,matching_pursuit
VDWave_ART_Mimic,(i) $I(V;\acute{\Theta} \mid X)$,0.0016302652657032013,matching_pursuit
VDWave_ART_Mimic,(i) $I(V;\acute{\Theta} \mid X)$,0.0013835601275786757,matching_pursuit
VDWave_ART_Mimic,(i) $I(V;\acute{\Theta} \mid X)$,0.001883627031929791,matching_pursuit
VDWave_ART_Mimic,(i) $I(V;\acute{\Theta} \mid X)$,0.0015893052332103252,matching_pursuit
VDWave_ART_Mimic,(i) $I(V;\acute{\Theta} \mid X)$,0.0015587816014885902,matching_pursuit
VDWave_ART_Mimic,(i) $I(V;\acute{\Theta} \mid X)$,0.0016136765480041504,matching_pursuit
VDWave_ART_Mimic,(i) $I(V;\acute{\Theta} \mid X)$,0.0016304993769153953,matching_pursuit
VDWave_ART_Mimic,(i) $I(V;\acute{\Theta} \mid X)$,0.0015826812013983727,matching_pursuit
VDWave_ART_Mimic,(i) $I(V;\acute{\Theta} \mid X)$,0.0017520759720355272,matching_pursuit
VDWave_ART_Mimic,(i) $I(V;\acute{\Theta} \mid X)$,0.0014731542905792594,matching_pursuit
VDWave_ART_Mimic,(i) $I(V;\acute{\Theta} \mid X)$,0.0014516221126541495,matching_pursuit
VDWave_ART_Mimic,(i) $I(V;\acute{\Theta} \mid X)$,0.001637934474274516,matching_pursuit
VDWave_ART_Mimic,(i) $I(V;\acute{\Theta} \mid X)$,0.0020293365232646465,matching_pursuit
VDWave_ART_Mimic,(i) $I(V;\acute{\Theta} \mid X)$,0.0015831452328711748,matching_pursuit
VDWave_ART_Mimic,(i) $I(V;\acute{\Theta} \mid X)$,0.0016762107843533158,matching_pursuit
VDWave_ART_Mimic,(i) $I(V;\acute{\Theta} \mid X)$,0.0013810053933411837,matching_pursuit
VDWave_ART_Mimic,(i) $I(V;\acute{\Theta} \mid X)$,0.0015108954394236207,matching_pursuit
VDWave_ART_Mimic,(i) $I(V;\acute{\Theta} \mid X)$,0.001885741949081421,matching_pursuit
VDWave_ART_Mimic,(i) $I(V;\acute{\Theta} \mid X)$,0.0017307102680206299,matching_pursuit
VDWave_ART_Mimic,(i) $I(V;\acute{\Theta} \mid X)$,0.00155360356438905,matching_pursuit
VDWave_ART_Mimic,(i) $I(V;\acute{\Theta} \mid X)$,0.0015241529326885939,matching_pursuit
VDWave_ART_Mimic,(i) $I(V;\acute{\Theta} \mid X)$,0.0015627458924427629,matching_pursuit
VDWave_ART_Mimic,(i) $I(V;\acute{\Theta} \mid X)$,0.00167274649720639,matching_pursuit
VDWave_ART_Mimic,(i) $I(V;\acute{\Theta} \mid X)$,0.0016048629768192768,matching_pursuit
VDWave_ART_Mimic,(i) $I(V;\acute{\Theta} \mid X)$,0.0017102999845519662,matching_pursuit
VDWave_ART_Mimic,(i) $I(V;\acute{\Theta} \mid X)$,0.0018930780934169888,matching_pursuit
VDWave_ART_Mimic,(i) $I(V;\acute{\Theta} \mid X)$,0.0016592326574027538,matching_pursuit
VDWave_ART_Mimic,(i) $I(V;\acute{\Theta} \mid X)$,0.001810799352824688,matching_pursuit
VDWave_ART_Mimic,(i) $I(V;\acute{\Theta} \mid X)$,0.0017282121116295457,matching_pursuit
VDWave_ART_Mimic,(i) $I(V;\acute{\Theta} \mid X)$,0.001677228487096727,matching_pursuit
VDWave_ART_Mimic,(i) $I(V;\acute{\Theta} \mid X)$,0.00143761548679322,matching_pursuit
VDWave_ART_Mimic,(i) $I(V;\acute{\Theta} \mid X)$,0.0015044830506667495,matching_pursuit
VDWave_ART_Mimic,(i) $I(V;\acute{\Theta} \mid X)$,0.001513545517809689,matching_pursuit
VDWave_ART_Mimic,(i) $I(V;\acute{\Theta} \mid X)$,0.0016209883615374565,matching_pursuit
VDWave_ART_Mimic,(i) $I(V;\acute{\Theta} \mid X)$,0.0017551472410559654,matching_pursuit
VDWave_ART_Mimic,(i) $I(V;\acute{\Theta} \mid X)$,0.0014034886844456196,matching_pursuit
VDWave_ART_Mimic,(i) $I(V;\acute{\Theta} \mid X)$,0.0015391999622806907,matching_pursuit
VDWave_ART_Mimic,(i) $I(V;\acute{\Theta} \mid X)$,0.0018293078755959868,matching_pursuit
VDWave_ART_Mimic,(i) $I(V;\acute{\Theta} \mid X)$,0.0015661978395655751,matching_pursuit
VDWave_ART_Mimic,(i) $I(V;\acute{\Theta} \mid X)$,0.0016932240687310696,matching_pursuit
VDWave_ART_Mimic,(i) $I(V;\acute{\Theta} \mid X)$,0.001400765380822122,matching_pursuit
VDWave_ART_Mimic,(i) $I(V;\acute{\Theta} \mid X)$,0.0015487754717469215,matching_pursuit
VDWave_ART_Mimic,(i) $I(V;\acute{\Theta} \mid X)$,0.0013161486713215709,matching_pursuit
VDWave_ART_Mimic,(i) $I(V;\acute{\Theta} \mid X)$,0.0016477841418236494,matching_pursuit
VDWave_ART_Mimic,(i) $I(V;\acute{\Theta} \mid X)$,0.0015700994990766048,matching_pursuit
VDWave_ART_Mimic,(i) $I(V;\acute{\Theta} \mid X)$,0.0016026677330955863,matching_pursuit
VDWave_ART_Mimic,(i) $I(V;\acute{\Theta} \mid X)$,0.0016630621394142509,matching_pursuit
VDWave_ART_Mimic,(i) $I(V;\acute{\Theta} \mid X)$,0.0013685985468328,matching_pursuit
VDWave_ART_Mimic,(i) $I(V;\acute{\Theta} \mid X)$,0.00178145885001868,matching_pursuit
VDWave_ART_Mimic,(i) $I(V;\acute{\Theta} \mid X)$,0.0015716168563812971,matching_pursuit
VDWave_ART_Mimic,(i) $I(V;\acute{\Theta} \mid X)$,0.001638961723074317,matching_pursuit
VDWave_ART_Mimic,(i) $I(V;\acute{\Theta} \mid X)$,0.0016359781147912145,matching_pursuit
VDWave_ART_Mimic,(i) $I(V;\acute{\Theta} \mid X)$,0.0017850802978500724,matching_pursuit
VDWave_ART_Mimic,(i) $I(V;\acute{\Theta} \mid X)$,0.0013384254416450858,matching_pursuit
VDWave_ART_Mimic,(i) $I(V;\acute{\Theta} \mid X)$,0.0013249361654743552,matching_pursuit
VDWave_ART_Mimic,(i) $I(V;\acute{\Theta} \mid X)$,0.0017440589144825935,matching_pursuit
VDWave_ART_Mimic,(i) $I(V;\acute{\Theta} \mid X)$,0.0014299217145889997,matching_pursuit
VDWave_ART_Mimic,(i) $I(V;\acute{\Theta} \mid X)$,0.0015502902679145336,matching_pursuit
VDWave_ART_Mimic,(i) $I(V;\acute{\Theta} \mid X)$,0.0013301261933520436,matching_pursuit
VDWave_ART_Mimic,(i) $I(V;\acute{\Theta} \mid X)$,0.0016109730349853635,matching_pursuit
VDWave_ART_Mimic,(i) $I(V;\acute{\Theta} \mid X)$,0.001753286924213171,matching_pursuit
VDWave_ART_Mimic,(i) $I(V;\acute{\Theta} \mid X)$,0.0016550410073250532,matching_pursuit
VDWave_ART_Mimic,(i) $I(V;\acute{\Theta} \mid X)$,0.0014318217290565372,matching_pursuit
VDWave_ART_Mimic,(i) $I(V;\acute{\Theta} \mid X)$,0.001582885393872857,matching_pursuit
VDWave_ART_Mimic,(i) $I(V;\acute{\Theta} \mid X)$,0.001677498104982078,matching_pursuit
VDWave_ART_Mimic,(i) $I(V;\acute{\Theta} \mid X)$,0.0016878762980923057,matching_pursuit
VDWave_ART_Mimic,(i) $I(V;\acute{\Theta} \mid X)$,0.0014637747080996633,matching_pursuit
VDWave_ART_Mimic,(i) $I(V;\acute{\Theta} \mid X)$,0.0015990693354979157,matching_pursuit
VDWave_ART_Mimic,(i) $I(V;\acute{\Theta} \mid X)$,0.0015065590851008892,matching_pursuit
VDWave_ART_Mimic,(i) $I(V;\acute{\Theta} \mid X)$,0.0014852624153718352,matching_pursuit
VDWave_ART_Mimic,(i) $I(V;\acute{\Theta} \mid X)$,0.0017363616498187184,matching_pursuit
VDWave_ART_Mimic,(i) $I(V;\acute{\Theta} \mid X)$,0.0015303627587854862,matching_pursuit
VDWave_ART_Mimic,(i) $I(V;\acute{\Theta} \mid X)$,0.001779552549123764,matching_pursuit
VDWave_ART_Mimic,(i) $I(V;\acute{\Theta} \mid X)$,0.00178643804974854,matching_pursuit
VDWave_ART_Mimic,(i) $I(V;\acute{\Theta} \mid X)$,0.0015261339722201228,matching_pursuit
VDWave_ART_Mimic,(i) $I(V;\acute{\Theta} \mid X)$,0.001558472402393818,matching_pursuit
VDWave_ART_Mimic,(i) $I(V;\acute{\Theta} \mid X)$,0.0016661115223541856,matching_pursuit
VDWave_ART_Mimic,(i) $I(V;\acute{\Theta} \mid X)$,0.0017340538324788213,matching_pursuit
VDWave_ART_Mimic,(i) $I(V;\acute{\Theta} \mid X)$,0.0013158801011741161,matching_pursuit
VDWave_ART_Mimic,(i) $I(V;\acute{\Theta} \mid X)$,0.0016755749238654971,matching_pursuit
VDWave_ART_Mimic,(i) $I(V;\acute{\Theta} \mid X)$,0.0016743311425670981,matching_pursuit
VDWave_ART_Mimic,(i) $I(V;\acute{\Theta} \mid X)$,0.0015161475166678429,matching_pursuit
VDWave_ART_Mimic,(i) $I(V;\acute{\Theta} \mid X)$,0.0017023319378495216,matching_pursuit
VDWave_ART_Mimic,(i) $I(V;\acute{\Theta} \mid X)$,0.0014442342799156904,matching_pursuit
VDWave_ART_Mimic,(i) $I(V;\acute{\Theta} \mid X)$,0.0015660696662962437,matching_pursuit
VDWave_ART_Mimic,(i) $I(V;\acute{\Theta} \mid X)$,0.0018367377342656255,matching_pursuit
VDWave_ART_Mimic,(i) $I(V;\acute{\Theta} \mid X)$,0.0013526437105610967,matching_pursuit
VDWave_ART_Mimic,(i) $I(V;\acute{\Theta} \mid X)$,0.0014451142633333802,matching_pursuit
VDWave_ART_Mimic,(i) $I(V;\acute{\Theta} \mid X)$,0.0012512594694271684,matching_pursuit
VDWave_ART_Mimic,(i) $I(V;\acute{\Theta} \mid X)$,0.0017159506678581238,matching_pursuit
VDWave_ART_Mimic,(i) $I(V;\acute{\Theta} \mid X)$,0.0018708962015807629,matching_pursuit
VDWave_ART_Mimic,(i) $I(V;\acute{\Theta} \mid X)$,0.0016652015037834644,matching_pursuit
VDWave_ART_Mimic,(i) $I(V;\acute{\Theta} \mid X)$,0.0015425668098032475,matching_pursuit
VDWave_ART_Mimic,(i) $I(V;\acute{\Theta} \mid X)$,0.0014014217304065824,matching_pursuit
VDWave_ART_Mimic,(i) $I(V;\acute{\Theta} \mid X)$,0.001991682918742299,matching_pursuit
VDWave_ART_Mimic,(i) $I(V;\acute{\Theta} \mid X)$,0.0015577725134789944,matching_pursuit
VDWave_ART_Mimic,(i) $I(V;\acute{\Theta} \mid X)$,0.001714139012619853,matching_pursuit
VDWave_ART_Mimic,(i) $I(V;\acute{\Theta} \mid X)$,0.0016192023176699877,matching_pursuit
VDWave_ART_Mimic,(i) $I(V;\acute{\Theta} \mid X)$,0.0016758957644924521,matching_pursuit
VDWave_ART_Mimic,(i) $I(V;\acute{\Theta} \mid X)$,0.0018231431022286415,matching_pursuit
VDWave_ART_Mimic,(i) $I(V;\acute{\Theta} \mid X)$,0.0019908940885215998,matching_pursuit
VDWave_ART_Mimic,(i) $I(V;\acute{\Theta} \mid X)$,0.0015046957414597273,matching_pursuit
VDWave_ART_Mimic,(i) $I(V;\acute{\Theta} \mid X)$,0.001494231866672635,matching_pursuit
VDWave_ART_Mimic,(i) $I(V;\acute{\Theta} \mid X)$,0.001492104958742857,matching_pursuit
VDWave_ART_Mimic,(i) $I(V;\acute{\Theta} \mid X)$,0.0014419417129829526,matching_pursuit
VDWave_ART_Mimic,(i) $I(V;\acute{\Theta} \mid X)$,0.0016007927479222417,matching_pursuit
VDWave_ART_Mimic,(i) $I(V;\acute{\Theta} \mid X)$,0.0015343354316428304,matching_pursuit
VDWave_ART_Mimic,(i) $I(V;\acute{\Theta} \mid X)$,0.0016023506177589297,matching_pursuit
VDWave_ART_Mimic,(i) $I(V;\acute{\Theta} \mid X)$,0.0019716890528798103,matching_pursuit
VDWave_ART_Mimic,(i) $I(V;\acute{\Theta} \mid X)$,0.0012850536732003093,matching_pursuit
VDWave_ART_Mimic,(i) $I(V;\acute{\Theta} \mid X)$,0.0016183953266590834,matching_pursuit
VDWave_ART_Mimic,(i) $I(V;\acute{\Theta} \mid X)$,0.0016119338106364012,matching_pursuit
VDWave_ART_Mimic,(i) $I(V;\acute{\Theta} \mid X)$,0.0015400862321257591,matching_pursuit
VDWave_ART_Mimic,(i) $I(V;\acute{\Theta} \mid X)$,0.0015983646735548973,matching_pursuit
VDWave_ART_Mimic,(i) $I(V;\acute{\Theta} \mid X)$,0.001801490900106728,matching_pursuit
VDWave_ART_Mimic,(i) $I(V;\acute{\Theta} \mid X)$,0.0016071576392278075,matching_pursuit
VDWave_ART_Mimic,(i) $I(V;\acute{\Theta} \mid X)$,0.001392499078065157,matching_pursuit
VDWave_ART_Mimic,(i) $I(V;\acute{\Theta} \mid X)$,0.0017724975477904081,matching_pursuit
VDWave_ART_Mimic,(i) $I(V;\acute{\Theta} \mid X)$,0.0018422288121655583,matching_pursuit
VDWave_ART_Mimic,(i) $I(V;\acute{\Theta} \mid X)$,0.0018598111346364021,matching_pursuit
VDWave_ART_Mimic,(ii) $I(S;\acute{\Theta} \mid X)$,0.0007339996364670269,matching_pursuit
VDWave_ART_Mimic,(ii) $I(S;\acute{\Theta} \mid X)$,0.0007695220010726031,matching_pursuit
VDWave_ART_Mimic,(ii) $I(S;\acute{\Theta} \mid X)$,0.0007538288462142211,matching_pursuit
VDWave_ART_Mimic,(ii) $I(S;\acute{\Theta} \mid X)$,0.0008002731880789312,matching_pursuit
VDWave_ART_Mimic,(ii) $I(S;\acute{\Theta} \mid X)$,0.0008299241905992287,matching_pursuit
VDWave_ART_Mimic,(ii) $I(S;\acute{\Theta} \mid X)$,0.0006837643048338089,matching_pursuit
VDWave_ART_Mimic,(ii) $I(S;\acute{\Theta} \mid X)$,0.0007599705123306571,matching_pursuit
VDWave_ART_Mimic,(ii) $I(S;\acute{\Theta} \mid X)$,0.000699488062993445,matching_pursuit
VDWave_ART_Mimic,(ii) $I(S;\acute{\Theta} \mid X)$,0.0007065783168067624,matching_pursuit
VDWave_ART_Mimic,(ii) $I(S;\acute{\Theta} \mid X)$,0.0006557092180613451,matching_pursuit
VDWave_ART_Mimic,(ii) $I(S;\acute{\Theta} \mid X)$,0.0006827607229771274,matching_pursuit
VDWave_ART_Mimic,(ii) $I(S;\acute{\Theta} \mid X)$,0.000772563904364899,matching_pursuit
VDWave_ART_Mimic,(ii) $I(S;\acute{\Theta} \mid X)$,0.0007990748589715151,matching_pursuit
VDWave_ART_Mimic,(ii) $I(S;\acute{\Theta} \mid X)$,0.0007178731558185795,matching_pursuit
VDWave_ART_Mimic,(ii) $I(S;\acute{\Theta} \mid X)$,0.000701857533234645,matching_pursuit
VDWave_ART_Mimic,(ii) $I(S;\acute{\Theta} \mid X)$,0.0007898609313799809,matching_pursuit
VDWave_ART_Mimic,(ii) $I(S;\acute{\Theta} \mid X)$,0.000700910440081611,matching_pursuit
VDWave_ART_Mimic,(ii) $I(S;\acute{\Theta} \mid X)$,0.0006552988193643661,matching_pursuit
VDWave_ART_Mimic,(ii) $I(S;\acute{\Theta} \mid X)$,0.0007542114020317132,matching_pursuit
VDWave_ART_Mimic,(ii) $I(S;\acute{\Theta} \mid X)$,0.0007567136039788883,matching_pursuit
VDWave_ART_Mimic,(ii) $I(S;\acute{\Theta} \mid X)$,0.0007532366577646489,matching_pursuit
VDWave_ART_Mimic,(ii) $I(S;\acute{\Theta} \mid X)$,0.0007545040949689017,matching_pursuit
VDWave_ART_Mimic,(ii) $I(S;\acute{\Theta} \mid X)$,0.0008203885139828734,matching_pursuit
VDWave_ART_Mimic,(ii) $I(S;\acute{\Theta} \mid X)$,0.0007382663679825317,matching_pursuit
VDWave_ART_Mimic,(ii) $I(S;\acute{\Theta} \mid X)$,0.0008437272410247028,matching_pursuit
VDWave_ART_Mimic,(ii) $I(S;\acute{\Theta} \mid X)$,0.000854708583479491,matching_pursuit
VDWave_ART_Mimic,(ii) $I(S;\acute{\Theta} \mid X)$,0.0008483515386616822,matching_pursuit
VDWave_ART_Mimic,(ii) $I(S;\acute{\Theta} \mid X)$,0.0007690153621166018,matching_pursuit
VDWave_ART_Mimic,(ii) $I(S;\acute{\Theta} \mid X)$,0.0008514635284760391,matching_pursuit
VDWave_ART_Mimic,(ii) $I(S;\acute{\Theta} \mid X)$,0.0008556333176068201,matching_pursuit
VDWave_ART_Mimic,(ii) $I(S;\acute{\Theta} \mid X)$,0.0007830346761904303,matching_pursuit
VDWave_ART_Mimic,(ii) $I(S;\acute{\Theta} \mid X)$,0.000790357158657327,matching_pursuit
VDWave_ART_Mimic,(ii) $I(S;\acute{\Theta} \mid X)$,0.0006697305760803553,matching_pursuit
VDWave_ART_Mimic,(ii) $I(S;\acute{\Theta} \mid X)$,0.0006193062261386186,matching_pursuit
VDWave_ART_Mimic,(ii) $I(S;\acute{\Theta} \mid X)$,0.0007152561258919428,matching_pursuit
VDWave_ART_Mimic,(ii) $I(S;\acute{\Theta} \mid X)$,0.0009212739017626396,matching_pursuit
VDWave_ART_Mimic,(ii) $I(S;\acute{\Theta} \mid X)$,0.0008242632894337357,matching_pursuit
VDWave_ART_Mimic,(ii) $I(S;\acute{\Theta} \mid X)$,0.0008732731786512444,matching_pursuit
VDWave_ART_Mimic,(ii) $I(S;\acute{\Theta} \mid X)$,0.0006155625059426842,matching_pursuit
VDWave_ART_Mimic,(ii) $I(S;\acute{\Theta} \mid X)$,0.0007920011417935663,matching_pursuit
VDWave_ART_Mimic,(ii) $I(S;\acute{\Theta} \mid X)$,0.0005992247276856384,matching_pursuit
VDWave_ART_Mimic,(ii) $I(S;\acute{\Theta} \mid X)$,0.000890055270253991,matching_pursuit
VDWave_ART_Mimic,(ii) $I(S;\acute{\Theta} \mid X)$,0.0007281551438266614,matching_pursuit
VDWave_ART_Mimic,(ii) $I(S;\acute{\Theta} \mid X)$,0.0006473694370234618,matching_pursuit
VDWave_ART_Mimic,(ii) $I(S;\acute{\Theta} \mid X)$,0.000835970193256513,matching_pursuit
VDWave_ART_Mimic,(ii) $I(S;\acute{\Theta} \mid X)$,0.0008386985446675301,matching_pursuit
VDWave_ART_Mimic,(ii) $I(S;\acute{\Theta} \mid X)$,0.000685519003630826,matching_pursuit
VDWave_ART_Mimic,(ii) $I(S;\acute{\Theta} \mid X)$,0.0008160151165537089,matching_pursuit
VDWave_ART_Mimic,(ii) $I(S;\acute{\Theta} \mid X)$,0.0006642999326100928,matching_pursuit
VDWave_ART_Mimic,(ii) $I(S;\acute{\Theta} \mid X)$,0.000723677883748428,matching_pursuit
VDWave_ART_Mimic,(ii) $I(S;\acute{\Theta} \mid X)$,0.0007000451578303077,matching_pursuit
VDWave_ART_Mimic,(ii) $I(S;\acute{\Theta} \mid X)$,0.0009593068399975907,matching_pursuit
VDWave_ART_Mimic,(ii) $I(S;\acute{\Theta} \mid X)$,0.0007110098974088783,matching_pursuit
VDWave_ART_Mimic,(ii) $I(S;\acute{\Theta} \mid X)$,0.0007589880711249628,matching_pursuit
VDWave_ART_Mimic,(ii) $I(S;\acute{\Theta} \mid X)$,0.0007388750060989541,matching_pursuit
VDWave_ART_Mimic,(ii) $I(S;\acute{\Theta} \mid X)$,0.0008926107404859123,matching_pursuit
VDWave_ART_Mimic,(ii) $I(S;\acute{\Theta} \mid X)$,0.000711099228919247,matching_pursuit
VDWave_ART_Mimic,(ii) $I(S;\acute{\Theta} \mid X)$,0.0006388522477315017,matching_pursuit
VDWave_ART_Mimic,(ii) $I(S;\acute{\Theta} \mid X)$,0.0006836355203181532,matching_pursuit
VDWave_ART_Mimic,(ii) $I(S;\acute{\Theta} \mid X)$,0.0007239556607763278,matching_pursuit
VDWave_ART_Mimic,(ii) $I(S;\acute{\Theta} \mid X)$,0.0006380239347292465,matching_pursuit
VDWave_ART_Mimic,(ii) $I(S;\acute{\Theta} \mid X)$,0.0008462877418052745,matching_pursuit
VDWave_ART_Mimic,(ii) $I(S;\acute{\Theta} \mid X)$,0.0006404470671432891,matching_pursuit
VDWave_ART_Mimic,(ii) $I(S;\acute{\Theta} \mid X)$,0.0008349976007930036,matching_pursuit
VDWave_ART_Mimic,(ii) $I(S;\acute{\Theta} \mid X)$,0.0007101002328660274,matching_pursuit
VDWave_ART_Mimic,(ii) $I(S;\acute{\Theta} \mid X)$,0.0008094203453248959,matching_pursuit
VDWave_ART_Mimic,(ii) $I(S;\acute{\Theta} \mid X)$,0.0007961691371547474,matching_pursuit
VDWave_ART_Mimic,(ii) $I(S;\acute{\Theta} \mid X)$,0.0006555906259585365,matching_pursuit
VDWave_ART_Mimic,(ii) $I(S;\acute{\Theta} \mid X)$,0.0008580025353678707,matching_pursuit
VDWave_ART_Mimic,(ii) $I(S;\acute{\Theta} \mid X)$,0.000709917488307722,matching_pursuit
VDWave_ART_Mimic,(ii) $I(S;\acute{\Theta} \mid X)$,0.0007614281133823568,matching_pursuit
VDWave_ART_Mimic,(ii) $I(S;\acute{\Theta} \mid X)$,0.0008340915466663156,matching_pursuit
VDWave_ART_Mimic,(ii) $I(S;\acute{\Theta} \mid X)$,0.0006052182175704532,matching_pursuit
VDWave_ART_Mimic,(ii) $I(S;\acute{\Theta} \mid X)$,0.0007509256990136609,matching_pursuit
VDWave_ART_Mimic,(ii) $I(S;\acute{\Theta} \mid X)$,0.0008399871062793001,matching_pursuit
VDWave_ART_Mimic,(ii) $I(S;\acute{\Theta} \mid X)$,0.0007116080634724655,matching_pursuit
VDWave_ART_Mimic,(ii) $I(S;\acute{\Theta} \mid X)$,0.0008738499022842311,matching_pursuit
VDWave_ART_Mimic,(ii) $I(S;\acute{\Theta} \mid X)$,0.0006524781617621869,matching_pursuit
VDWave_ART_Mimic,(ii) $I(S;\acute{\Theta} \mid X)$,0.0006453477375112696,matching_pursuit
VDWave_ART_Mimic,(ii) $I(S;\acute{\Theta} \mid X)$,0.000754242383813055,matching_pursuit
VDWave_ART_Mimic,(ii) $I(S;\acute{\Theta} \mid X)$,0.0005478219315654665,matching_pursuit
VDWave_ART_Mimic,(ii) $I(S;\acute{\Theta} \mid X)$,0.0007333430085868206,matching_pursuit
VDWave_ART_Mimic,(ii) $I(S;\acute{\Theta} \mid X)$,0.0008471312435372247,matching_pursuit
VDWave_ART_Mimic,(ii) $I(S;\acute{\Theta} \mid X)$,0.0005104561177586808,matching_pursuit
VDWave_ART_Mimic,(ii) $I(S;\acute{\Theta} \mid X)$,0.0007828969770249318,matching_pursuit
VDWave_ART_Mimic,(ii) $I(S;\acute{\Theta} \mid X)$,0.0007349680905212853,matching_pursuit
VDWave_ART_Mimic,(ii) $I(S;\acute{\Theta} \mid X)$,0.0008111317487767275,matching_pursuit
VDWave_ART_Mimic,(ii) $I(S;\acute{\Theta} \mid X)$,0.0006100772705445503,matching_pursuit
VDWave_ART_Mimic,(ii) $I(S;\acute{\Theta} \mid X)$,0.0008914564141971579,matching_pursuit
VDWave_ART_Mimic,(ii) $I(S;\acute{\Theta} \mid X)$,0.0006690560335770427,matching_pursuit
VDWave_ART_Mimic,(ii) $I(S;\acute{\Theta} \mid X)$,0.0006217331799319141,matching_pursuit
VDWave_ART_Mimic,(ii) $I(S;\acute{\Theta} \mid X)$,0.0008467442031066644,matching_pursuit
VDWave_ART_Mimic,(ii) $I(S;\acute{\Theta} \mid X)$,0.0005381653172790077,matching_pursuit
VDWave_ART_Mimic,(ii) $I(S;\acute{\Theta} \mid X)$,0.0007715757042457908,matching_pursuit
VDWave_ART_Mimic,(ii) $I(S;\acute{\Theta} \mid X)$,0.0007476450898951737,matching_pursuit
VDWave_ART_Mimic,(ii) $I(S;\acute{\Theta} \mid X)$,0.0008633962884580333,matching_pursuit
VDWave_ART_Mimic,(ii) $I(S;\acute{\Theta} \mid X)$,0.0006427958877105722,matching_pursuit
VDWave_ART_Mimic,(ii) $I(S;\acute{\Theta} \mid X)$,0.0006721971192183095,matching_pursuit
VDWave_ART_Mimic,(ii) $I(S;\acute{\Theta} \mid X)$,0.0008700866828142244,matching_pursuit
VDWave_ART_Mimic,(ii) $I(S;\acute{\Theta} \mid X)$,0.000626633728559441,matching_pursuit
VDWave_ART_Mimic,(ii) $I(S;\acute{\Theta} \mid X)$,0.0006880042967811784,matching_pursuit
VDWave_ART_Mimic,(ii) $I(S;\acute{\Theta} \mid X)$,0.0005744646595910106,matching_pursuit
VDWave_ART_Mimic,(ii) $I(S;\acute{\Theta} \mid X)$,0.0009094481634619435,matching_pursuit
VDWave_ART_Mimic,(ii) $I(S;\acute{\Theta} \mid X)$,0.000752475536389972,matching_pursuit
VDWave_ART_Mimic,(ii) $I(S;\acute{\Theta} \mid X)$,0.0006281203127447,matching_pursuit
VDWave_ART_Mimic,(ii) $I(S;\acute{\Theta} \mid X)$,0.000702551522302007,matching_pursuit
VDWave_ART_Mimic,(ii) $I(S;\acute{\Theta} \mid X)$,0.0007315502827159003,matching_pursuit
VDWave_ART_Mimic,(ii) $I(S;\acute{\Theta} \mid X)$,0.0008955560239942437,matching_pursuit
VDWave_ART_Mimic,(ii) $I(S;\acute{\Theta} \mid X)$,0.0008820756256450741,matching_pursuit
VDWave_ART_Mimic,(ii) $I(S;\acute{\Theta} \mid X)$,0.0008336212943037467,matching_pursuit
VDWave_ART_Mimic,(ii) $I(S;\acute{\Theta} \mid X)$,0.0006007761850230294,matching_pursuit
VDWave_ART_Mimic,(ii) $I(S;\acute{\Theta} \mid X)$,0.0007403283962103907,matching_pursuit
VDWave_ART_Mimic,(ii) $I(S;\acute{\Theta} \mid X)$,0.0006172493624034867,matching_pursuit
VDWave_ART_Mimic,(ii) $I(S;\acute{\Theta} \mid X)$,0.0006857485520946525,matching_pursuit
VDWave_ART_Mimic,(ii) $I(S;\acute{\Theta} \mid X)$,0.0007914451587012278,matching_pursuit
VDWave_ART_Mimic,(ii) $I(S;\acute{\Theta} \mid X)$,0.0007022465678324163,matching_pursuit
VDWave_ART_Mimic,(ii) $I(S;\acute{\Theta} \mid X)$,0.0006228137050124543,matching_pursuit
VDWave_ART_Mimic,(ii) $I(S;\acute{\Theta} \mid X)$,0.0008694500046817787,matching_pursuit
VDWave_ART_Mimic,(ii) $I(S;\acute{\Theta} \mid X)$,0.0007298168747511756,matching_pursuit
VDWave_ART_Mimic,(ii) $I(S;\acute{\Theta} \mid X)$,0.0008880203068919163,matching_pursuit
VDWave_ART_Mimic,(ii) $I(S;\acute{\Theta} \mid X)$,0.0005739259270626143,matching_pursuit
VDWave_ART_Mimic,(ii) $I(S;\acute{\Theta} \mid X)$,0.000606790562086166,matching_pursuit
VDWave_ART_Mimic,(ii) $I(S;\acute{\Theta} \mid X)$,0.0005929090701061267,matching_pursuit
VDWave_ART_Mimic,(ii) $I(S;\acute{\Theta} \mid X)$,0.0007214630227991827,matching_pursuit
VDWave_ART_Mimic,(ii) $I(S;\acute{\Theta} \mid X)$,0.0007986742531396062,matching_pursuit
VDWave_ART_Mimic,(ii) $I(S;\acute{\Theta} \mid X)$,0.0006826172706702914,matching_pursuit
VDWave_ART_Mimic,(ii) $I(S;\acute{\Theta} \mid X)$,0.0007635661053399977,matching_pursuit
VDWave_ART_Mimic,(ii) $I(S;\acute{\Theta} \mid X)$,0.0006758799109064375,matching_pursuit
VDWave_ART_Mimic,(ii) $I(S;\acute{\Theta} \mid X)$,0.0006765910093490149,matching_pursuit
VDWave_ART_Mimic,(ii) $I(S;\acute{\Theta} \mid X)$,0.000750736764365862,matching_pursuit
VDWave_ART_Mimic,(ii) $I(S;\acute{\Theta} \mid X)$,0.0007586059813393274,matching_pursuit
VDWave_ART_Mimic,(ii) $I(S;\acute{\Theta} \mid X)$,0.0006939182139196666,matching_pursuit
VDWave_ART_Mimic,(ii) $I(S;\acute{\Theta} \mid X)$,0.0007112752179271356,matching_pursuit
VDWave_ART_Mimic,(ii) $I(S;\acute{\Theta} \mid X)$,0.0006731304375365562,matching_pursuit
VDWave_ART_Mimic,(ii) $I(S;\acute{\Theta} \mid X)$,0.0007552450487797776,matching_pursuit
VDWave_ART_Mimic,(ii) $I(S;\acute{\Theta} \mid X)$,0.0005977016845559206,matching_pursuit
VDWave_ART_Mimic,(ii) $I(S;\acute{\Theta} \mid X)$,0.0007837117296162265,matching_pursuit
VDWave_ART_Mimic,(ii) $I(S;\acute{\Theta} \mid X)$,0.0007691091289354059,matching_pursuit
VDWave_ART_Mimic,(ii) $I(S;\acute{\Theta} \mid X)$,0.0006137012333632398,matching_pursuit
VDWave_ART_Mimic,(ii) $I(S;\acute{\Theta} \mid X)$,0.0007958158752672051,matching_pursuit
VDWave_ART_Mimic,(ii) $I(S;\acute{\Theta} \mid X)$,0.0006081856415227943,matching_pursuit
VDWave_ART_Mimic,(ii) $I(S;\acute{\Theta} \mid X)$,0.0006617224844062725,matching_pursuit
VDWave_ART_Mimic,(ii) $I(S;\acute{\Theta} \mid X)$,0.0007968385042129646,matching_pursuit
VDWave_ART_Mimic,(ii) $I(S;\acute{\Theta} \mid X)$,0.000750468401364688,matching_pursuit
VDWave_ART_Mimic,(ii) $I(S;\acute{\Theta} \mid X)$,0.0006925777256593381,matching_pursuit
VDWave_ART_Mimic,(ii) $I(S;\acute{\Theta} \mid X)$,0.000833589530163723,matching_pursuit
VDWave_ART_Mimic,(ii) $I(S;\acute{\Theta} \mid X)$,0.000619264753299212,matching_pursuit
VDWave_ART_Mimic,(ii) $I(S;\acute{\Theta} \mid X)$,0.0006194592410843858,matching_pursuit
VDWave_ART_Mimic,(ii) $I(S;\acute{\Theta} \mid X)$,0.0007035676286468985,matching_pursuit
VDWave_ART_Mimic,(ii) $I(S;\acute{\Theta} \mid X)$,0.0008852494330984773,matching_pursuit
VDWave_ART_Mimic,(ii) $I(S;\acute{\Theta} \mid X)$,0.0007518603939827815,matching_pursuit
VDWave_ART_Mimic,(ii) $I(S;\acute{\Theta} \mid X)$,0.0006843470939082177,matching_pursuit
VDWave_ART_Mimic,(ii) $I(S;\acute{\Theta} \mid X)$,0.0007219643653213881,matching_pursuit
VDWave_ART_Mimic,(ii) $I(S;\acute{\Theta} \mid X)$,0.0008300280252468558,matching_pursuit
VDWave_ART_Mimic,(ii) $I(S;\acute{\Theta} \mid X)$,0.0006304260874802289,matching_pursuit
VDWave_ART_Mimic,(ii) $I(S;\acute{\Theta} \mid X)$,0.0006354264968166086,matching_pursuit
VDWave_ART_Mimic,(ii) $I(S;\acute{\Theta} \mid X)$,0.0006266776311384071,matching_pursuit
VDWave_ART_Mimic,(ii) $I(S;\acute{\Theta} \mid X)$,0.0006307602265562495,matching_pursuit
VDWave_ART_Mimic,(ii) $I(S;\acute{\Theta} \mid X)$,0.0006909101601705299,matching_pursuit
VDWave_ART_Mimic,(ii) $I(S;\acute{\Theta} \mid X)$,0.000510460919071822,matching_pursuit
VDWave_ART_Mimic,(ii) $I(S;\acute{\Theta} \mid X)$,0.0006311944274744494,matching_pursuit
VDWave_ART_Mimic,(ii) $I(S;\acute{\Theta} \mid X)$,0.0006831244450598192,matching_pursuit
VDWave_ART_Mimic,(ii) $I(S;\acute{\Theta} \mid X)$,0.0008416522256551069,matching_pursuit
VDWave_ART_Mimic,(ii) $I(S;\acute{\Theta} \mid X)$,0.0009182126191820129,matching_pursuit
VDWave_ART_Mimic,(ii) $I(S;\acute{\Theta} \mid X)$,0.0008065965086331488,matching_pursuit
VDWave_ART_Mimic,(ii) $I(S;\acute{\Theta} \mid X)$,0.0007651042167974194,matching_pursuit
VDWave_ART_Mimic,(ii) $I(S;\acute{\Theta} \mid X)$,0.0005792368521975756,matching_pursuit
VDWave_ART_Mimic,(ii) $I(S;\acute{\Theta} \mid X)$,0.0009640018126390905,matching_pursuit
VDWave_ART_Mimic,(ii) $I(S;\acute{\Theta} \mid X)$,0.0005989443156085184,matching_pursuit
VDWave_ART_Mimic,(ii) $I(S;\acute{\Theta} \mid X)$,0.0005595048702807564,matching_pursuit
VDWave_ART_Mimic,(ii) $I(S;\acute{\Theta} \mid X)$,0.0007633161423743877,matching_pursuit
VDWave_ART_Mimic,(ii) $I(S;\acute{\Theta} \mid X)$,0.0007046540104318524,matching_pursuit
VDWave_ART_Mimic,(ii) $I(S;\acute{\Theta} \mid X)$,0.0007418589987546369,matching_pursuit
VDWave_ART_Mimic,(ii) $I(S;\acute{\Theta} \mid X)$,0.0008122455773308415,matching_pursuit
VDWave_ART_Mimic,(ii) $I(S;\acute{\Theta} \mid X)$,0.0006144852257193097,matching_pursuit
VDWave_ART_Mimic,(ii) $I(S;\acute{\Theta} \mid X)$,0.0008952230471331819,matching_pursuit
VDWave_ART_Mimic,(ii) $I(S;\acute{\Theta} \mid X)$,0.0009158675816436988,matching_pursuit
VDWave_ART_Mimic,(ii) $I(S;\acute{\Theta} \mid X)$,0.0005912336501459687,matching_pursuit
VDWave_ART_Mimic,(ii) $I(S;\acute{\Theta} \mid X)$,0.0007153007483116118,matching_pursuit
VDWave_ART_Mimic,(ii) $I(S;\acute{\Theta} \mid X)$,0.0006063581376015583,matching_pursuit
VDWave_ART_Mimic,(ii) $I(S;\acute{\Theta} \mid X)$,0.0008722185148364821,matching_pursuit
VDWave_ART_Mimic,(ii) $I(S;\acute{\Theta} \mid X)$,0.0008331249091458956,matching_pursuit
VDWave_ART_Mimic,(ii) $I(S;\acute{\Theta} \mid X)$,0.0006246053674580581,matching_pursuit
VDWave_ART_Mimic,(ii) $I(S;\acute{\Theta} \mid X)$,0.0006650009339471595,matching_pursuit
VDWave_ART_Mimic,(ii) $I(S;\acute{\Theta} \mid X)$,0.000989431394405762,matching_pursuit
VDWave_ART_Mimic,(ii) $I(S;\acute{\Theta} \mid X)$,0.0006333803157608895,matching_pursuit
VDWave_ART_Mimic,(ii) $I(S;\acute{\Theta} \mid X)$,0.0009188220364519163,matching_pursuit
VDWave_ART_Mimic,(ii) $I(S;\acute{\Theta} \mid X)$,0.000955911446661772,matching_pursuit
VDWave_ART_Mimic,(ii) $I(S;\acute{\Theta} \mid X)$,0.0005970677889760541,matching_pursuit
VDWave_ART_Mimic,(ii) $I(S;\acute{\Theta} \mid X)$,0.0008024106955654916,matching_pursuit
VDWave_ART_Mimic,(ii) $I(S;\acute{\Theta} \mid X)$,0.0008133669141440972,matching_pursuit
VDWave_ART_Mimic,(ii) $I(S;\acute{\Theta} \mid X)$,0.000739802042211822,matching_pursuit
VDWave_ART_Mimic,(ii) $I(S;\acute{\Theta} \mid X)$,0.0005974612396554251,matching_pursuit
VDWave_ART_Mimic,(ii) $I(S;\acute{\Theta} \mid X)$,0.0005888961557088948,matching_pursuit
VDWave_ART_Mimic,(ii) $I(S;\acute{\Theta} \mid X)$,0.0007346643037600468,matching_pursuit
VDWave_ART_Mimic,(ii) $I(S;\acute{\Theta} \mid X)$,0.0008417221989686035,matching_pursuit
VDWave_ART_Mimic,(ii) $I(S;\acute{\Theta} \mid X)$,0.0007640197104283459,matching_pursuit
VDWave_ART_Mimic,(ii) $I(S;\acute{\Theta} \mid X)$,0.0007008990982128585,matching_pursuit
VDWave_ART_Mimic,(ii) $I(S;\acute{\Theta} \mid X)$,0.0007795055576853774,matching_pursuit
VDWave_ART_Mimic,(ii) $I(S;\acute{\Theta} \mid X)$,0.0008419525691259537,matching_pursuit
VDWave_ART_Mimic,(ii) $I(S;\acute{\Theta} \mid X)$,0.0007729625688200908,matching_pursuit
