Model,Metrics,Values
SKZFC_ART_1_30_500_VitalDB,(i) $I(V; \acute{Z} \mid Z)$,3.605236798521812
SKZFC_ART_1_30_500_VitalDB,(i) $I(V; \acute{Z} \mid Z)$,3.5343787753198264
SKZFC_ART_1_30_500_VitalDB,(i) $I(V; \acute{Z} \mid Z)$,3.4903048373534182
SKZFC_ART_1_30_500_VitalDB,(i) $I(V; \acute{Z} \mid Z)$,3.8656962561300174
SKZFC_ART_1_30_500_VitalDB,(i) $I(V; \acute{Z} \mid Z)$,3.4993953950363443
SKZFC_ART_1_30_500_VitalDB,(i) $I(V; \acute{Z} \mid Z)$,3.423884172701983
SKZFC_ART_1_30_500_VitalDB,(i) $I(V; \acute{Z} \mid Z)$,3.7026125423095584
SKZFC_ART_1_30_500_VitalDB,(i) $I(V; \acute{Z} \mid Z)$,3.7759960224741977
SKZFC_ART_1_30_500_VitalDB,(i) $I(V; \acute{Z} \mid Z)$,3.885794850317184
SKZFC_ART_1_30_500_VitalDB,(i) $I(V; \acute{Z} \mid Z)$,3.7775953617530167
SKZFC_ART_1_30_500_VitalDB,(i) $I(V; \acute{Z} \mid Z)$,4.214216804835564
SKZFC_ART_1_30_500_VitalDB,(i) $I(V; \acute{Z} \mid Z)$,3.6773623338548087
SKZFC_ART_1_30_500_VitalDB,(i) $I(V; \acute{Z} \mid Z)$,3.8127469986650437
SKZFC_ART_1_30_500_VitalDB,(i) $I(V; \acute{Z} \mid Z)$,3.1255181935828484
SKZFC_ART_1_30_500_VitalDB,(i) $I(V; \acute{Z} \mid Z)$,3.5769057476116997
SKZFC_ART_1_30_500_VitalDB,(i) $I(V; \acute{Z} \mid Z)$,3.6790869899084218
SKZFC_ART_1_30_500_VitalDB,(i) $I(V; \acute{Z} \mid Z)$,3.5679556863059974
SKZFC_ART_1_30_500_VitalDB,(i) $I(V; \acute{Z} \mid Z)$,3.6411974511227414
SKZFC_ART_1_30_500_VitalDB,(i) $I(V; \acute{Z} \mid Z)$,3.7434305312258185
SKZFC_ART_1_30_500_VitalDB,(i) $I(V; \acute{Z} \mid Z)$,3.4755377143682775
SKZFC_ART_1_30_500_VitalDB,(i) $I(V; \acute{Z} \mid Z)$,3.3716812774875176
SKZFC_ART_1_30_500_VitalDB,(i) $I(V; \acute{Z} \mid Z)$,3.9807190014580045
SKZFC_ART_1_30_500_VitalDB,(i) $I(V; \acute{Z} \mid Z)$,3.830918788088104
SKZFC_ART_1_30_500_VitalDB,(i) $I(V; \acute{Z} \mid Z)$,3.7143827661230797
SKZFC_ART_1_30_500_VitalDB,(i) $I(V; \acute{Z} \mid Z)$,3.888726377448797
SKZFC_ART_1_30_500_VitalDB,(i) $I(V; \acute{Z} \mid Z)$,2.7400444646967226
SKZFC_ART_1_30_500_VitalDB,(i) $I(V; \acute{Z} \mid Z)$,3.685834735360169
SKZFC_ART_1_30_500_VitalDB,(i) $I(V; \acute{Z} \mid Z)$,3.4710309012714555
SKZFC_ART_1_30_500_VitalDB,(i) $I(V; \acute{Z} \mid Z)$,3.232975893337837
SKZFC_ART_1_30_500_VitalDB,(i) $I(V; \acute{Z} \mid Z)$,3.4905301562448914
SKZFC_ART_1_30_500_VitalDB,(i) $I(V; \acute{Z} \mid Z)$,3.43938767719668
SKZFC_ART_1_30_500_VitalDB,(i) $I(V; \acute{Z} \mid Z)$,3.8185852646229175
SKZFC_ART_1_30_500_VitalDB,(i) $I(V; \acute{Z} \mid Z)$,3.952930965047975
SKZFC_ART_1_30_500_VitalDB,(i) $I(V; \acute{Z} \mid Z)$,3.7133609910339698
SKZFC_ART_1_30_500_VitalDB,(i) $I(V; \acute{Z} \mid Z)$,3.574562763056919
SKZFC_ART_1_30_500_VitalDB,(i) $I(V; \acute{Z} \mid Z)$,4.021911921514636
SKZFC_ART_1_30_500_VitalDB,(i) $I(V; \acute{Z} \mid Z)$,3.445309190281403
SKZFC_ART_1_30_500_VitalDB,(i) $I(V; \acute{Z} \mid Z)$,3.742479439352309
SKZFC_ART_1_30_500_VitalDB,(i) $I(V; \acute{Z} \mid Z)$,3.4357748956056815
SKZFC_ART_1_30_500_VitalDB,(i) $I(V; \acute{Z} \mid Z)$,3.707001546678279
SKZFC_ART_1_30_500_VitalDB,(i) $I(V; \acute{Z} \mid Z)$,3.9083905705426565
SKZFC_ART_1_30_500_VitalDB,(i) $I(V; \acute{Z} \mid Z)$,4.061927813390321
SKZFC_ART_1_30_500_VitalDB,(i) $I(V; \acute{Z} \mid Z)$,3.641796139382273
SKZFC_ART_1_30_500_VitalDB,(i) $I(V; \acute{Z} \mid Z)$,3.8404938305790752
SKZFC_ART_1_30_500_VitalDB,(i) $I(V; \acute{Z} \mid Z)$,3.832624336853543
SKZFC_ART_1_30_500_VitalDB,(i) $I(V; \acute{Z} \mid Z)$,4.041529465025364
SKZFC_ART_1_30_500_VitalDB,(i) $I(V; \acute{Z} \mid Z)$,3.63935363061473
SKZFC_ART_1_30_500_VitalDB,(i) $I(V; \acute{Z} \mid Z)$,3.800740741823972
SKZFC_ART_1_30_500_VitalDB,(i) $I(V; \acute{Z} \mid Z)$,3.984391176639715
SKZFC_ART_1_30_500_VitalDB,(i) $I(V; \acute{Z} \mid Z)$,3.1457556497811305
SKZFC_ART_1_30_500_VitalDB,(i) $I(V; \acute{Z} \mid Z)$,3.5847266389333576
SKZFC_ART_1_30_500_VitalDB,(i) $I(V; \acute{Z} \mid Z)$,3.3630289254190666
SKZFC_ART_1_30_500_VitalDB,(i) $I(V; \acute{Z} \mid Z)$,4.040224792865314
SKZFC_ART_1_30_500_VitalDB,(i) $I(V; \acute{Z} \mid Z)$,3.661159601307777
SKZFC_ART_1_30_500_VitalDB,(i) $I(V; \acute{Z} \mid Z)$,3.780556105846143
SKZFC_ART_1_30_500_VitalDB,(i) $I(V; \acute{Z} \mid Z)$,2.9813772450124225
SKZFC_ART_1_30_500_VitalDB,(i) $I(V; \acute{Z} \mid Z)$,4.105011127589069
SKZFC_ART_1_30_500_VitalDB,(i) $I(V; \acute{Z} \mid Z)$,3.8516421913868486
SKZFC_ART_1_30_500_VitalDB,(i) $I(V; \acute{Z} \mid Z)$,3.876112345516239
SKZFC_ART_1_30_500_VitalDB,(i) $I(V; \acute{Z} \mid Z)$,3.4867753485623108
SKZFC_ART_1_30_500_VitalDB,(i) $I(V; \acute{Z} \mid Z)$,3.7475006158579065
SKZFC_ART_1_30_500_VitalDB,(i) $I(V; \acute{Z} \mid Z)$,4.097378466530196
SKZFC_ART_1_30_500_VitalDB,(i) $I(V; \acute{Z} \mid Z)$,3.918861538529518
SKZFC_ART_1_30_500_VitalDB,(i) $I(V; \acute{Z} \mid Z)$,3.7370552366047662
SKZFC_ART_1_30_500_VitalDB,(i) $I(V; \acute{Z} \mid Z)$,3.591631326222027
SKZFC_ART_1_30_500_VitalDB,(i) $I(V; \acute{Z} \mid Z)$,3.5540665421713467
SKZFC_ART_1_30_500_VitalDB,(i) $I(V; \acute{Z} \mid Z)$,3.6333747324456613
SKZFC_ART_1_30_500_VitalDB,(i) $I(V; \acute{Z} \mid Z)$,3.2553011050945586
SKZFC_ART_1_30_500_VitalDB,(i) $I(V; \acute{Z} \mid Z)$,3.5272108079556093
SKZFC_ART_1_30_500_VitalDB,(i) $I(V; \acute{Z} \mid Z)$,3.6711361071464346
SKZFC_ART_1_30_500_VitalDB,(i) $I(V; \acute{Z} \mid Z)$,3.9255065892969663
SKZFC_ART_1_30_500_VitalDB,(i) $I(V; \acute{Z} \mid Z)$,3.632203692308092
SKZFC_ART_1_30_500_VitalDB,(i) $I(V; \acute{Z} \mid Z)$,3.6841792489098584
SKZFC_ART_1_30_500_VitalDB,(i) $I(V; \acute{Z} \mid Z)$,3.9405186250956556
SKZFC_ART_1_30_500_VitalDB,(i) $I(V; \acute{Z} \mid Z)$,3.5663626618046957
SKZFC_ART_1_30_500_VitalDB,(i) $I(V; \acute{Z} \mid Z)$,3.834599590485004
SKZFC_ART_1_30_500_VitalDB,(i) $I(V; \acute{Z} \mid Z)$,3.9127115732271283
SKZFC_ART_1_30_500_VitalDB,(i) $I(V; \acute{Z} \mid Z)$,3.859160688724914
SKZFC_ART_1_30_500_VitalDB,(i) $I(V; \acute{Z} \mid Z)$,3.7536028052952095
SKZFC_ART_1_30_500_VitalDB,(i) $I(V; \acute{Z} \mid Z)$,3.611829434203119
SKZFC_ART_1_30_500_VitalDB,(i) $I(V; \acute{Z} \mid Z)$,3.6899514623893968
SKZFC_ART_1_30_500_VitalDB,(i) $I(V; \acute{Z} \mid Z)$,3.991391236021892
SKZFC_ART_1_30_500_VitalDB,(i) $I(V; \acute{Z} \mid Z)$,3.450095902458111
SKZFC_ART_1_30_500_VitalDB,(i) $I(V; \acute{Z} \mid Z)$,3.956697178797835
SKZFC_ART_1_30_500_VitalDB,(i) $I(V; \acute{Z} \mid Z)$,3.5614007015182443
SKZFC_ART_1_30_500_VitalDB,(i) $I(V; \acute{Z} \mid Z)$,3.489595412811303
SKZFC_ART_1_30_500_VitalDB,(i) $I(V; \acute{Z} \mid Z)$,3.75681566625172
SKZFC_ART_1_30_500_VitalDB,(i) $I(V; \acute{Z} \mid Z)$,3.788533021275754
SKZFC_ART_1_30_500_VitalDB,(i) $I(V; \acute{Z} \mid Z)$,3.7874786417625064
SKZFC_ART_1_30_500_VitalDB,(i) $I(V; \acute{Z} \mid Z)$,3.7206944313656583
SKZFC_ART_1_30_500_VitalDB,(i) $I(V; \acute{Z} \mid Z)$,3.597342129721264
SKZFC_ART_1_30_500_VitalDB,(i) $I(V; \acute{Z} \mid Z)$,3.604418855865943
SKZFC_ART_1_30_500_VitalDB,(i) $I(V; \acute{Z} \mid Z)$,4.067058211050615
SKZFC_ART_1_30_500_VitalDB,(i) $I(V; \acute{Z} \mid Z)$,3.7102674716089763
SKZFC_ART_1_30_500_VitalDB,(i) $I(V; \acute{Z} \mid Z)$,3.5541131033687794
SKZFC_ART_1_30_500_VitalDB,(i) $I(V; \acute{Z} \mid Z)$,3.4243513458458836
SKZFC_ART_1_30_500_VitalDB,(i) $I(V; \acute{Z} \mid Z)$,3.3813202332821417
SKZFC_ART_1_30_500_VitalDB,(i) $I(V; \acute{Z} \mid Z)$,3.807216563165757
SKZFC_ART_1_30_500_VitalDB,(i) $I(V; \acute{Z} \mid Z)$,3.734123813620945
SKZFC_ART_1_30_500_VitalDB,(i) $I(V; \acute{Z} \mid Z)$,3.4969147133249674
SKZFC_ART_1_30_500_VitalDB,(i) $I(V; \acute{Z} \mid Z)$,3.751749576913111
SKZFC_ART_1_30_500_VitalDB,(i) $I(V; \acute{Z} \mid Z)$,3.4851278724667107
SKZFC_ART_1_30_500_VitalDB,(i) $I(V; \acute{Z} \mid Z)$,3.6865587577305137
SKZFC_ART_1_30_500_VitalDB,(i) $I(V; \acute{Z} \mid Z)$,3.8180953088882625
SKZFC_ART_1_30_500_VitalDB,(i) $I(V; \acute{Z} \mid Z)$,4.098610389705924
SKZFC_ART_1_30_500_VitalDB,(i) $I(V; \acute{Z} \mid Z)$,3.688603787739047
SKZFC_ART_1_30_500_VitalDB,(i) $I(V; \acute{Z} \mid Z)$,3.7905108386556843
SKZFC_ART_1_30_500_VitalDB,(i) $I(V; \acute{Z} \mid Z)$,4.137037672822098
SKZFC_ART_1_30_500_VitalDB,(i) $I(V; \acute{Z} \mid Z)$,3.4155832883688753
SKZFC_ART_1_30_500_VitalDB,(i) $I(V; \acute{Z} \mid Z)$,3.3969758800425653
SKZFC_ART_1_30_500_VitalDB,(i) $I(V; \acute{Z} \mid Z)$,3.75932454088976
SKZFC_ART_1_30_500_VitalDB,(i) $I(V; \acute{Z} \mid Z)$,3.6087346018852724
SKZFC_ART_1_30_500_VitalDB,(i) $I(V; \acute{Z} \mid Z)$,3.676148866093698
SKZFC_ART_1_30_500_VitalDB,(i) $I(V; \acute{Z} \mid Z)$,3.775450129119465
SKZFC_ART_1_30_500_VitalDB,(i) $I(V; \acute{Z} \mid Z)$,3.5786422175379364
SKZFC_ART_1_30_500_VitalDB,(i) $I(V; \acute{Z} \mid Z)$,3.756780459830495
SKZFC_ART_1_30_500_VitalDB,(i) $I(V; \acute{Z} \mid Z)$,3.3823802566331422
SKZFC_ART_1_30_500_VitalDB,(i) $I(V; \acute{Z} \mid Z)$,3.6435511880712466
SKZFC_ART_1_30_500_VitalDB,(i) $I(V; \acute{Z} \mid Z)$,3.7901208033699385
SKZFC_ART_1_30_500_VitalDB,(i) $I(V; \acute{Z} \mid Z)$,3.7820671069170206
SKZFC_ART_1_30_500_VitalDB,(i) $I(V; \acute{Z} \mid Z)$,3.8724150578466903
SKZFC_ART_1_30_500_VitalDB,(i) $I(V; \acute{Z} \mid Z)$,3.634153213322481
SKZFC_ART_1_30_500_VitalDB,(i) $I(V; \acute{Z} \mid Z)$,3.8447844350057996
SKZFC_ART_1_30_500_VitalDB,(i) $I(V; \acute{Z} \mid Z)$,3.75007240212771
SKZFC_ART_1_30_500_VitalDB,(i) $I(V; \acute{Z} \mid Z)$,3.8410953197439013
SKZFC_ART_1_30_500_VitalDB,(i) $I(V; \acute{Z} \mid Z)$,3.5888205953000205
SKZFC_ART_1_30_500_VitalDB,(i) $I(V; \acute{Z} \mid Z)$,3.4607884406150102
SKZFC_ART_1_30_500_VitalDB,(i) $I(V; \acute{Z} \mid Z)$,3.5941857920828233
SKZFC_ART_1_30_500_VitalDB,(i) $I(V; \acute{Z} \mid Z)$,3.7028963382739435
SKZFC_ART_1_30_500_VitalDB,(i) $I(V; \acute{Z} \mid Z)$,3.4405632357426583
SKZFC_ART_1_30_500_VitalDB,(i) $I(V; \acute{Z} \mid Z)$,3.357357451983235
SKZFC_ART_1_30_500_VitalDB,(i) $I(V; \acute{Z} \mid Z)$,3.9872788228183054
SKZFC_ART_1_30_500_VitalDB,(i) $I(V; \acute{Z} \mid Z)$,3.920112358404769
SKZFC_ART_1_30_500_VitalDB,(i) $I(V; \acute{Z} \mid Z)$,3.1159651841073
SKZFC_ART_1_30_500_VitalDB,(i) $I(V; \acute{Z} \mid Z)$,3.6022706696320834
SKZFC_ART_1_30_500_VitalDB,(i) $I(V; \acute{Z} \mid Z)$,3.5233493836290903
SKZFC_ART_1_30_500_VitalDB,(i) $I(V; \acute{Z} \mid Z)$,3.245803996194279
SKZFC_ART_1_30_500_VitalDB,(i) $I(V; \acute{Z} \mid Z)$,3.413507391521876
SKZFC_ART_1_30_500_VitalDB,(i) $I(V; \acute{Z} \mid Z)$,3.1784287987462587
SKZFC_ART_1_30_500_VitalDB,(i) $I(V; \acute{Z} \mid Z)$,4.112020478346356
SKZFC_ART_1_30_500_VitalDB,(i) $I(V; \acute{Z} \mid Z)$,3.5997276103714597
SKZFC_ART_1_30_500_VitalDB,(i) $I(V; \acute{Z} \mid Z)$,3.5063709242661885
SKZFC_ART_1_30_500_VitalDB,(i) $I(V; \acute{Z} \mid Z)$,3.462620293325246
SKZFC_ART_1_30_500_VitalDB,(i) $I(V; \acute{Z} \mid Z)$,3.5127891414724206
SKZFC_ART_1_30_500_VitalDB,(i) $I(V; \acute{Z} \mid Z)$,3.8235314020906186
SKZFC_ART_1_30_500_VitalDB,(i) $I(V; \acute{Z} \mid Z)$,4.168321863078329
SKZFC_ART_1_30_500_VitalDB,(i) $I(V; \acute{Z} \mid Z)$,3.8638610419821298
SKZFC_ART_1_30_500_VitalDB,(i) $I(V; \acute{Z} \mid Z)$,3.6632994735629576
SKZFC_ART_1_30_500_VitalDB,(i) $I(V; \acute{Z} \mid Z)$,3.185290195419965
SKZFC_ART_1_30_500_VitalDB,(i) $I(V; \acute{Z} \mid Z)$,3.8566624292213563
SKZFC_ART_1_30_500_VitalDB,(i) $I(V; \acute{Z} \mid Z)$,3.805140605934217
SKZFC_ART_1_30_500_VitalDB,(i) $I(V; \acute{Z} \mid Z)$,3.4193912075730903
SKZFC_ART_1_30_500_VitalDB,(i) $I(V; \acute{Z} \mid Z)$,3.5491774295099834
SKZFC_ART_1_30_500_VitalDB,(i) $I(V; \acute{Z} \mid Z)$,3.59984100408972
SKZFC_ART_1_30_500_VitalDB,(i) $I(V; \acute{Z} \mid Z)$,3.31999586348494
SKZFC_ART_1_30_500_VitalDB,(i) $I(V; \acute{Z} \mid Z)$,3.668765516739575
SKZFC_ART_1_30_500_VitalDB,(i) $I(V; \acute{Z} \mid Z)$,4.024466707214345
SKZFC_ART_1_30_500_VitalDB,(i) $I(V; \acute{Z} \mid Z)$,3.809788073061406
SKZFC_ART_1_30_500_VitalDB,(i) $I(V; \acute{Z} \mid Z)$,3.660242112565348
SKZFC_ART_1_30_500_VitalDB,(i) $I(V; \acute{Z} \mid Z)$,3.719468161357461
SKZFC_ART_1_30_500_VitalDB,(i) $I(V; \acute{Z} \mid Z)$,3.685631245338901
SKZFC_ART_1_30_500_VitalDB,(i) $I(V; \acute{Z} \mid Z)$,4.017636669710371
SKZFC_ART_1_30_500_VitalDB,(i) $I(V; \acute{Z} \mid Z)$,3.982545346132278
SKZFC_ART_1_30_500_VitalDB,(i) $I(V; \acute{Z} \mid Z)$,3.983567959095615
SKZFC_ART_1_30_500_VitalDB,(i) $I(V; \acute{Z} \mid Z)$,3.427282646857638
SKZFC_ART_1_30_500_VitalDB,(i) $I(V; \acute{Z} \mid Z)$,3.9849373915538937
SKZFC_ART_1_30_500_VitalDB,(i) $I(V; \acute{Z} \mid Z)$,3.585917153472782
SKZFC_ART_1_30_500_VitalDB,(i) $I(V; \acute{Z} \mid Z)$,3.5096142182604666
SKZFC_ART_1_30_500_VitalDB,(i) $I(V; \acute{Z} \mid Z)$,3.714090217043087
SKZFC_ART_1_30_500_VitalDB,(i) $I(V; \acute{Z} \mid Z)$,3.4752539599141143
SKZFC_ART_1_30_500_VitalDB,(i) $I(V; \acute{Z} \mid Z)$,3.7628290595911222
SKZFC_ART_1_30_500_VitalDB,(i) $I(V; \acute{Z} \mid Z)$,3.7226220733950304
SKZFC_ART_1_30_500_VitalDB,(i) $I(V; \acute{Z} \mid Z)$,3.2802924566334632
SKZFC_ART_1_30_500_VitalDB,(i) $I(V; \acute{Z} \mid Z)$,3.5263473733749917
SKZFC_ART_1_30_500_VitalDB,(i) $I(V; \acute{Z} \mid Z)$,3.558380503510621
SKZFC_ART_1_30_500_VitalDB,(i) $I(V; \acute{Z} \mid Z)$,3.605115912292455
SKZFC_ART_1_30_500_VitalDB,(i) $I(V; \acute{Z} \mid Z)$,3.624551245213956
SKZFC_ART_1_30_500_VitalDB,(i) $I(V; \acute{Z} \mid Z)$,3.6588165972537667
SKZFC_ART_1_30_500_VitalDB,(i) $I(V; \acute{Z} \mid Z)$,3.8720715628147127
SKZFC_ART_1_30_500_VitalDB,(i) $I(V; \acute{Z} \mid Z)$,3.442367958834869
SKZFC_ART_1_30_500_VitalDB,(i) $I(V; \acute{Z} \mid Z)$,3.4163469854427166
SKZFC_ART_1_30_500_VitalDB,(i) $I(V; \acute{Z} \mid Z)$,3.289734590587841
SKZFC_ART_1_30_500_VitalDB,(i) $I(V; \acute{Z} \mid Z)$,3.9472885423017243
SKZFC_ART_1_30_500_VitalDB,(i) $I(V; \acute{Z} \mid Z)$,3.963962149936727
SKZFC_ART_1_30_500_VitalDB,(i) $I(V; \acute{Z} \mid Z)$,3.620182934891452
SKZFC_ART_1_30_500_VitalDB,(i) $I(V; \acute{Z} \mid Z)$,3.8940439206428437
SKZFC_ART_1_30_500_VitalDB,(i) $I(V; \acute{Z} \mid Z)$,3.5596917378516544
SKZFC_ART_1_30_500_VitalDB,(i) $I(V; \acute{Z} \mid Z)$,3.881093647155765
SKZFC_ART_1_30_500_VitalDB,(i) $I(V; \acute{Z} \mid Z)$,3.9200849733720986
SKZFC_ART_1_30_500_VitalDB,(i) $I(V; \acute{Z} \mid Z)$,3.7700097339716496
SKZFC_ART_1_30_500_VitalDB,(i) $I(V; \acute{Z} \mid Z)$,3.6313306486636368
SKZFC_ART_1_30_500_VitalDB,(i) $I(V; \acute{Z} \mid Z)$,3.933539683475983
SKZFC_ART_1_30_500_VitalDB,(i) $I(V; \acute{Z} \mid Z)$,3.52138380689133
SKZFC_ART_1_30_500_VitalDB,(i) $I(V; \acute{Z} \mid Z)$,4.102276255840259
SKZFC_ART_1_30_500_VitalDB,(i) $I(V; \acute{Z} \mid Z)$,3.536857518802254
SKZFC_ART_1_30_500_VitalDB,(i) $I(V; \acute{Z} \mid Z)$,3.752096664355301
SKZFC_ART_1_30_500_VitalDB,(i) $I(V; \acute{Z} \mid Z)$,3.6161869428684867
SKZFC_ART_1_30_500_VitalDB,(i) $I(V; \acute{Z} \mid Z)$,3.9527282662814076
SKZFC_ART_1_30_500_VitalDB,(i) $I(V; \acute{Z} \mid Z)$,3.4906904326961854
SKZFC_ART_1_30_500_VitalDB,(i) $I(V; \acute{Z} \mid Z)$,3.785060302493305
SKZFC_ART_1_30_500_VitalDB,(ii) $I(V;\acute{\Theta} \mid \acute{Z})$,0.07979686422750076
SKZFC_ART_1_30_500_VitalDB,(ii) $I(V;\acute{\Theta} \mid \acute{Z})$,0.024915074474462527
SKZFC_ART_1_30_500_VitalDB,(ii) $I(V;\acute{\Theta} \mid \acute{Z})$,0.02547655751293519
SKZFC_ART_1_30_500_VitalDB,(ii) $I(V;\acute{\Theta} \mid \acute{Z})$,0.030817760713832153
SKZFC_ART_1_30_500_VitalDB,(ii) $I(V;\acute{\Theta} \mid \acute{Z})$,0.013860108412781947
SKZFC_ART_1_30_500_VitalDB,(ii) $I(V;\acute{\Theta} \mid \acute{Z})$,0.22964502671493578
SKZFC_ART_1_30_500_VitalDB,(ii) $I(V;\acute{\Theta} \mid \acute{Z})$,0.023626319729234683
SKZFC_ART_1_30_500_VitalDB,(ii) $I(V;\acute{\Theta} \mid \acute{Z})$,0.025359462601605386
SKZFC_ART_1_30_500_VitalDB,(ii) $I(V;\acute{\Theta} \mid \acute{Z})$,0.008948586186739924
SKZFC_ART_1_30_500_VitalDB,(ii) $I(V;\acute{\Theta} \mid \acute{Z})$,0.01900358206380044
SKZFC_ART_1_30_500_VitalDB,(ii) $I(V;\acute{\Theta} \mid \acute{Z})$,0.011329446139271858
SKZFC_ART_1_30_500_VitalDB,(ii) $I(V;\acute{\Theta} \mid \acute{Z})$,0.01033568114463798
SKZFC_ART_1_30_500_VitalDB,(ii) $I(V;\acute{\Theta} \mid \acute{Z})$,0.020124089048407248
SKZFC_ART_1_30_500_VitalDB,(ii) $I(V;\acute{\Theta} \mid \acute{Z})$,0.23804348347586785
SKZFC_ART_1_30_500_VitalDB,(ii) $I(V;\acute{\Theta} \mid \acute{Z})$,0.018731980532139744
SKZFC_ART_1_30_500_VitalDB,(ii) $I(V;\acute{\Theta} \mid \acute{Z})$,0.017277022295578516
SKZFC_ART_1_30_500_VitalDB,(ii) $I(V;\acute{\Theta} \mid \acute{Z})$,0.08368230149295781
SKZFC_ART_1_30_500_VitalDB,(ii) $I(V;\acute{\Theta} \mid \acute{Z})$,0.13928213377985185
SKZFC_ART_1_30_500_VitalDB,(ii) $I(V;\acute{\Theta} \mid \acute{Z})$,0.08305673893335001
SKZFC_ART_1_30_500_VitalDB,(ii) $I(V;\acute{\Theta} \mid \acute{Z})$,0.020059613301547565
SKZFC_ART_1_30_500_VitalDB,(ii) $I(V;\acute{\Theta} \mid \acute{Z})$,0.01042750508497286
SKZFC_ART_1_30_500_VitalDB,(ii) $I(V;\acute{\Theta} \mid \acute{Z})$,0.017420443203968936
SKZFC_ART_1_30_500_VitalDB,(ii) $I(V;\acute{\Theta} \mid \acute{Z})$,0.009295636001354397
SKZFC_ART_1_30_500_VitalDB,(ii) $I(V;\acute{\Theta} \mid \acute{Z})$,0.019388277562946785
SKZFC_ART_1_30_500_VitalDB,(ii) $I(V;\acute{\Theta} \mid \acute{Z})$,0.008497424659544464
SKZFC_ART_1_30_500_VitalDB,(ii) $I(V;\acute{\Theta} \mid \acute{Z})$,0.022174880797464838
SKZFC_ART_1_30_500_VitalDB,(ii) $I(V;\acute{\Theta} \mid \acute{Z})$,0.005409945911146602
SKZFC_ART_1_30_500_VitalDB,(ii) $I(V;\acute{\Theta} \mid \acute{Z})$,0.011210405885255337
SKZFC_ART_1_30_500_VitalDB,(ii) $I(V;\acute{\Theta} \mid \acute{Z})$,0.006946726983520068
SKZFC_ART_1_30_500_VitalDB,(ii) $I(V;\acute{\Theta} \mid \acute{Z})$,0.109184915634336
SKZFC_ART_1_30_500_VitalDB,(ii) $I(V;\acute{\Theta} \mid \acute{Z})$,0.023421600656017682
SKZFC_ART_1_30_500_VitalDB,(ii) $I(V;\acute{\Theta} \mid \acute{Z})$,0.03530277257116211
SKZFC_ART_1_30_500_VitalDB,(ii) $I(V;\acute{\Theta} \mid \acute{Z})$,0.01848971005237606
SKZFC_ART_1_30_500_VitalDB,(ii) $I(V;\acute{\Theta} \mid \acute{Z})$,0.008052787258995412
SKZFC_ART_1_30_500_VitalDB,(ii) $I(V;\acute{\Theta} \mid \acute{Z})$,0.06599176381920255
SKZFC_ART_1_30_500_VitalDB,(ii) $I(V;\acute{\Theta} \mid \acute{Z})$,0.022241343794603474
SKZFC_ART_1_30_500_VitalDB,(ii) $I(V;\acute{\Theta} \mid \acute{Z})$,0.011658426486463605
SKZFC_ART_1_30_500_VitalDB,(ii) $I(V;\acute{\Theta} \mid \acute{Z})$,0.009745060105250433
SKZFC_ART_1_30_500_VitalDB,(ii) $I(V;\acute{\Theta} \mid \acute{Z})$,0.022945813819341843
SKZFC_ART_1_30_500_VitalDB,(ii) $I(V;\acute{\Theta} \mid \acute{Z})$,0.03928033481651566
SKZFC_ART_1_30_500_VitalDB,(ii) $I(V;\acute{\Theta} \mid \acute{Z})$,0.08060648797552591
SKZFC_ART_1_30_500_VitalDB,(ii) $I(V;\acute{\Theta} \mid \acute{Z})$,0.15972784757544578
SKZFC_ART_1_30_500_VitalDB,(ii) $I(V;\acute{\Theta} \mid \acute{Z})$,0.014274488459694354
SKZFC_ART_1_30_500_VitalDB,(ii) $I(V;\acute{\Theta} \mid \acute{Z})$,0.025800556391873238
SKZFC_ART_1_30_500_VitalDB,(ii) $I(V;\acute{\Theta} \mid \acute{Z})$,0.02997488181711262
SKZFC_ART_1_30_500_VitalDB,(ii) $I(V;\acute{\Theta} \mid \acute{Z})$,0.024375907429991513
SKZFC_ART_1_30_500_VitalDB,(ii) $I(V;\acute{\Theta} \mid \acute{Z})$,0.06900135028811503
SKZFC_ART_1_30_500_VitalDB,(ii) $I(V;\acute{\Theta} \mid \acute{Z})$,0.015429815664783497
SKZFC_ART_1_30_500_VitalDB,(ii) $I(V;\acute{\Theta} \mid \acute{Z})$,0.012615183912937002
SKZFC_ART_1_30_500_VitalDB,(ii) $I(V;\acute{\Theta} \mid \acute{Z})$,0.07652938134627235
SKZFC_ART_1_30_500_VitalDB,(ii) $I(V;\acute{\Theta} \mid \acute{Z})$,0.014425922627618368
SKZFC_ART_1_30_500_VitalDB,(ii) $I(V;\acute{\Theta} \mid \acute{Z})$,0.02159714345846889
SKZFC_ART_1_30_500_VitalDB,(ii) $I(V;\acute{\Theta} \mid \acute{Z})$,0.02110055868526539
SKZFC_ART_1_30_500_VitalDB,(ii) $I(V;\acute{\Theta} \mid \acute{Z})$,0.014984451638668279
SKZFC_ART_1_30_500_VitalDB,(ii) $I(V;\acute{\Theta} \mid \acute{Z})$,0.0068920100791242155
SKZFC_ART_1_30_500_VitalDB,(ii) $I(V;\acute{\Theta} \mid \acute{Z})$,0.033073562357800915
SKZFC_ART_1_30_500_VitalDB,(ii) $I(V;\acute{\Theta} \mid \acute{Z})$,0.10790581105545362
SKZFC_ART_1_30_500_VitalDB,(ii) $I(V;\acute{\Theta} \mid \acute{Z})$,0.02027288849216294
SKZFC_ART_1_30_500_VitalDB,(ii) $I(V;\acute{\Theta} \mid \acute{Z})$,0.022737545530095934
SKZFC_ART_1_30_500_VitalDB,(ii) $I(V;\acute{\Theta} \mid \acute{Z})$,0.1653114794503649
SKZFC_ART_1_30_500_VitalDB,(ii) $I(V;\acute{\Theta} \mid \acute{Z})$,0.011165087387011751
SKZFC_ART_1_30_500_VitalDB,(ii) $I(V;\acute{\Theta} \mid \acute{Z})$,0.009969887495692288
SKZFC_ART_1_30_500_VitalDB,(ii) $I(V;\acute{\Theta} \mid \acute{Z})$,0.03955913593309699
SKZFC_ART_1_30_500_VitalDB,(ii) $I(V;\acute{\Theta} \mid \acute{Z})$,0.02387775721842554
SKZFC_ART_1_30_500_VitalDB,(ii) $I(V;\acute{\Theta} \mid \acute{Z})$,0.028656727113160394
SKZFC_ART_1_30_500_VitalDB,(ii) $I(V;\acute{\Theta} \mid \acute{Z})$,0.014768329741800403
SKZFC_ART_1_30_500_VitalDB,(ii) $I(V;\acute{\Theta} \mid \acute{Z})$,0.12234611560431188
SKZFC_ART_1_30_500_VitalDB,(ii) $I(V;\acute{\Theta} \mid \acute{Z})$,0.01882890975649474
SKZFC_ART_1_30_500_VitalDB,(ii) $I(V;\acute{\Theta} \mid \acute{Z})$,0.01700678710059618
SKZFC_ART_1_30_500_VitalDB,(ii) $I(V;\acute{\Theta} \mid \acute{Z})$,0.05837815307658614
SKZFC_ART_1_30_500_VitalDB,(ii) $I(V;\acute{\Theta} \mid \acute{Z})$,0.036917185600618956
SKZFC_ART_1_30_500_VitalDB,(ii) $I(V;\acute{\Theta} \mid \acute{Z})$,0.1009085666442841
SKZFC_ART_1_30_500_VitalDB,(ii) $I(V;\acute{\Theta} \mid \acute{Z})$,0.021340364176824687
SKZFC_ART_1_30_500_VitalDB,(ii) $I(V;\acute{\Theta} \mid \acute{Z})$,0.016563831380479885
SKZFC_ART_1_30_500_VitalDB,(ii) $I(V;\acute{\Theta} \mid \acute{Z})$,0.08255764850121924
SKZFC_ART_1_30_500_VitalDB,(ii) $I(V;\acute{\Theta} \mid \acute{Z})$,0.020746307102134466
SKZFC_ART_1_30_500_VitalDB,(ii) $I(V;\acute{\Theta} \mid \acute{Z})$,0.02075266406984263
SKZFC_ART_1_30_500_VitalDB,(ii) $I(V;\acute{\Theta} \mid \acute{Z})$,0.02962595101364773
SKZFC_ART_1_30_500_VitalDB,(ii) $I(V;\acute{\Theta} \mid \acute{Z})$,0.02006679633145404
SKZFC_ART_1_30_500_VitalDB,(ii) $I(V;\acute{\Theta} \mid \acute{Z})$,0.013609285408886214
SKZFC_ART_1_30_500_VitalDB,(ii) $I(V;\acute{\Theta} \mid \acute{Z})$,0.010976038167897722
SKZFC_ART_1_30_500_VitalDB,(ii) $I(V;\acute{\Theta} \mid \acute{Z})$,0.009112726058851243
SKZFC_ART_1_30_500_VitalDB,(ii) $I(V;\acute{\Theta} \mid \acute{Z})$,0.015147923326146208
SKZFC_ART_1_30_500_VitalDB,(ii) $I(V;\acute{\Theta} \mid \acute{Z})$,0.06796146216966945
SKZFC_ART_1_30_500_VitalDB,(ii) $I(V;\acute{\Theta} \mid \acute{Z})$,0.05336418081653564
SKZFC_ART_1_30_500_VitalDB,(ii) $I(V;\acute{\Theta} \mid \acute{Z})$,0.08453398657308478
SKZFC_ART_1_30_500_VitalDB,(ii) $I(V;\acute{\Theta} \mid \acute{Z})$,0.11512662403325319
SKZFC_ART_1_30_500_VitalDB,(ii) $I(V;\acute{\Theta} \mid \acute{Z})$,0.029083196033679714
SKZFC_ART_1_30_500_VitalDB,(ii) $I(V;\acute{\Theta} \mid \acute{Z})$,0.014958409433706204
SKZFC_ART_1_30_500_VitalDB,(ii) $I(V;\acute{\Theta} \mid \acute{Z})$,0.034893969715578635
SKZFC_ART_1_30_500_VitalDB,(ii) $I(V;\acute{\Theta} \mid \acute{Z})$,0.01912094439129549
SKZFC_ART_1_30_500_VitalDB,(ii) $I(V;\acute{\Theta} \mid \acute{Z})$,0.010489740389448592
SKZFC_ART_1_30_500_VitalDB,(ii) $I(V;\acute{\Theta} \mid \acute{Z})$,0.021272379035519526
SKZFC_ART_1_30_500_VitalDB,(ii) $I(V;\acute{\Theta} \mid \acute{Z})$,0.009394226547416314
SKZFC_ART_1_30_500_VitalDB,(ii) $I(V;\acute{\Theta} \mid \acute{Z})$,0.08787956657785014
SKZFC_ART_1_30_500_VitalDB,(ii) $I(V;\acute{\Theta} \mid \acute{Z})$,0.09953665524085015
SKZFC_ART_1_30_500_VitalDB,(ii) $I(V;\acute{\Theta} \mid \acute{Z})$,0.01890520200843784
SKZFC_ART_1_30_500_VitalDB,(ii) $I(V;\acute{\Theta} \mid \acute{Z})$,0.1722628820131171
SKZFC_ART_1_30_500_VitalDB,(ii) $I(V;\acute{\Theta} \mid \acute{Z})$,0.010953764960694865
SKZFC_ART_1_30_500_VitalDB,(ii) $I(V;\acute{\Theta} \mid \acute{Z})$,0.0564690007723794
SKZFC_ART_1_30_500_VitalDB,(ii) $I(V;\acute{\Theta} \mid \acute{Z})$,0.013465286728648572
SKZFC_ART_1_30_500_VitalDB,(ii) $I(V;\acute{\Theta} \mid \acute{Z})$,0.09737011641796782
SKZFC_ART_1_30_500_VitalDB,(ii) $I(V;\acute{\Theta} \mid \acute{Z})$,0.014242465768471739
SKZFC_ART_1_30_500_VitalDB,(ii) $I(V;\acute{\Theta} \mid \acute{Z})$,0.008758402282427556
SKZFC_ART_1_30_500_VitalDB,(ii) $I(V;\acute{\Theta} \mid \acute{Z})$,0.005505190299005081
SKZFC_ART_1_30_500_VitalDB,(ii) $I(V;\acute{\Theta} \mid \acute{Z})$,0.04620392248500093
SKZFC_ART_1_30_500_VitalDB,(ii) $I(V;\acute{\Theta} \mid \acute{Z})$,0.015452123286251286
SKZFC_ART_1_30_500_VitalDB,(ii) $I(V;\acute{\Theta} \mid \acute{Z})$,0.03935085009116711
SKZFC_ART_1_30_500_VitalDB,(ii) $I(V;\acute{\Theta} \mid \acute{Z})$,0.011926637229717717
SKZFC_ART_1_30_500_VitalDB,(ii) $I(V;\acute{\Theta} \mid \acute{Z})$,0.009417180139590838
SKZFC_ART_1_30_500_VitalDB,(ii) $I(V;\acute{\Theta} \mid \acute{Z})$,0.025198731169998455
SKZFC_ART_1_30_500_VitalDB,(ii) $I(V;\acute{\Theta} \mid \acute{Z})$,0.09485012120455077
SKZFC_ART_1_30_500_VitalDB,(ii) $I(V;\acute{\Theta} \mid \acute{Z})$,0.030552441370837125
SKZFC_ART_1_30_500_VitalDB,(ii) $I(V;\acute{\Theta} \mid \acute{Z})$,0.022200914260557182
SKZFC_ART_1_30_500_VitalDB,(ii) $I(V;\acute{\Theta} \mid \acute{Z})$,0.011268073466361703
SKZFC_ART_1_30_500_VitalDB,(ii) $I(V;\acute{\Theta} \mid \acute{Z})$,0.027022729593984714
SKZFC_ART_1_30_500_VitalDB,(ii) $I(V;\acute{\Theta} \mid \acute{Z})$,0.016099213571313827
SKZFC_ART_1_30_500_VitalDB,(ii) $I(V;\acute{\Theta} \mid \acute{Z})$,0.00795570657865403
SKZFC_ART_1_30_500_VitalDB,(ii) $I(V;\acute{\Theta} \mid \acute{Z})$,0.011784033549465722
SKZFC_ART_1_30_500_VitalDB,(ii) $I(V;\acute{\Theta} \mid \acute{Z})$,0.015409081285112007
SKZFC_ART_1_30_500_VitalDB,(ii) $I(V;\acute{\Theta} \mid \acute{Z})$,0.07126716561053847
SKZFC_ART_1_30_500_VitalDB,(ii) $I(V;\acute{\Theta} \mid \acute{Z})$,0.027857580343230513
SKZFC_ART_1_30_500_VitalDB,(ii) $I(V;\acute{\Theta} \mid \acute{Z})$,0.013233771735057218
SKZFC_ART_1_30_500_VitalDB,(ii) $I(V;\acute{\Theta} \mid \acute{Z})$,0.12970779031932864
SKZFC_ART_1_30_500_VitalDB,(ii) $I(V;\acute{\Theta} \mid \acute{Z})$,0.014476149551699706
SKZFC_ART_1_30_500_VitalDB,(ii) $I(V;\acute{\Theta} \mid \acute{Z})$,0.10006016122218363
SKZFC_ART_1_30_500_VitalDB,(ii) $I(V;\acute{\Theta} \mid \acute{Z})$,0.12195850141771808
SKZFC_ART_1_30_500_VitalDB,(ii) $I(V;\acute{\Theta} \mid \acute{Z})$,0.11441616493251149
SKZFC_ART_1_30_500_VitalDB,(ii) $I(V;\acute{\Theta} \mid \acute{Z})$,0.07471671706123316
SKZFC_ART_1_30_500_VitalDB,(ii) $I(V;\acute{\Theta} \mid \acute{Z})$,0.017393833514367116
SKZFC_ART_1_30_500_VitalDB,(ii) $I(V;\acute{\Theta} \mid \acute{Z})$,0.011840905900506848
SKZFC_ART_1_30_500_VitalDB,(ii) $I(V;\acute{\Theta} \mid \acute{Z})$,0.018722591675184388
SKZFC_ART_1_30_500_VitalDB,(ii) $I(V;\acute{\Theta} \mid \acute{Z})$,0.0358065554608817
SKZFC_ART_1_30_500_VitalDB,(ii) $I(V;\acute{\Theta} \mid \acute{Z})$,0.2114416490103433
SKZFC_ART_1_30_500_VitalDB,(ii) $I(V;\acute{\Theta} \mid \acute{Z})$,0.007745939055218618
SKZFC_ART_1_30_500_VitalDB,(ii) $I(V;\acute{\Theta} \mid \acute{Z})$,0.015554647170240242
SKZFC_ART_1_30_500_VitalDB,(ii) $I(V;\acute{\Theta} \mid \acute{Z})$,0.013876031853471027
SKZFC_ART_1_30_500_VitalDB,(ii) $I(V;\acute{\Theta} \mid \acute{Z})$,0.024330818666506403
SKZFC_ART_1_30_500_VitalDB,(ii) $I(V;\acute{\Theta} \mid \acute{Z})$,0.011811183843583489
SKZFC_ART_1_30_500_VitalDB,(ii) $I(V;\acute{\Theta} \mid \acute{Z})$,0.04408938664062601
SKZFC_ART_1_30_500_VitalDB,(ii) $I(V;\acute{\Theta} \mid \acute{Z})$,0.07691471539394454
SKZFC_ART_1_30_500_VitalDB,(ii) $I(V;\acute{\Theta} \mid \acute{Z})$,0.008866636991952486
SKZFC_ART_1_30_500_VitalDB,(ii) $I(V;\acute{\Theta} \mid \acute{Z})$,0.018418417425742926
SKZFC_ART_1_30_500_VitalDB,(ii) $I(V;\acute{\Theta} \mid \acute{Z})$,0.10266336509590909
SKZFC_ART_1_30_500_VitalDB,(ii) $I(V;\acute{\Theta} \mid \acute{Z})$,0.12694729500417068
SKZFC_ART_1_30_500_VitalDB,(ii) $I(V;\acute{\Theta} \mid \acute{Z})$,0.00853935095799059
SKZFC_ART_1_30_500_VitalDB,(ii) $I(V;\acute{\Theta} \mid \acute{Z})$,0.016591964703080445
SKZFC_ART_1_30_500_VitalDB,(ii) $I(V;\acute{\Theta} \mid \acute{Z})$,0.017184819106961804
SKZFC_ART_1_30_500_VitalDB,(ii) $I(V;\acute{\Theta} \mid \acute{Z})$,0.14184414757119576
SKZFC_ART_1_30_500_VitalDB,(ii) $I(V;\acute{\Theta} \mid \acute{Z})$,0.08706807089641093
SKZFC_ART_1_30_500_VitalDB,(ii) $I(V;\acute{\Theta} \mid \acute{Z})$,0.009563895220337983
SKZFC_ART_1_30_500_VitalDB,(ii) $I(V;\acute{\Theta} \mid \acute{Z})$,0.00637361551323323
SKZFC_ART_1_30_500_VitalDB,(ii) $I(V;\acute{\Theta} \mid \acute{Z})$,0.015779280643389536
SKZFC_ART_1_30_500_VitalDB,(ii) $I(V;\acute{\Theta} \mid \acute{Z})$,0.009675140921611106
SKZFC_ART_1_30_500_VitalDB,(ii) $I(V;\acute{\Theta} \mid \acute{Z})$,0.020492006854359746
SKZFC_ART_1_30_500_VitalDB,(ii) $I(V;\acute{\Theta} \mid \acute{Z})$,0.0383374041984665
SKZFC_ART_1_30_500_VitalDB,(ii) $I(V;\acute{\Theta} \mid \acute{Z})$,0.0811592419683114
SKZFC_ART_1_30_500_VitalDB,(ii) $I(V;\acute{\Theta} \mid \acute{Z})$,0.10656314777080085
SKZFC_ART_1_30_500_VitalDB,(ii) $I(V;\acute{\Theta} \mid \acute{Z})$,0.011925074869899499
SKZFC_ART_1_30_500_VitalDB,(ii) $I(V;\acute{\Theta} \mid \acute{Z})$,0.010749247328165791
SKZFC_ART_1_30_500_VitalDB,(ii) $I(V;\acute{\Theta} \mid \acute{Z})$,0.03044861482747889
SKZFC_ART_1_30_500_VitalDB,(ii) $I(V;\acute{\Theta} \mid \acute{Z})$,0.08132967157219159
SKZFC_ART_1_30_500_VitalDB,(ii) $I(V;\acute{\Theta} \mid \acute{Z})$,0.03095939385640686
SKZFC_ART_1_30_500_VitalDB,(ii) $I(V;\acute{\Theta} \mid \acute{Z})$,0.0955480921512737
SKZFC_ART_1_30_500_VitalDB,(ii) $I(V;\acute{\Theta} \mid \acute{Z})$,0.1002482251197769
SKZFC_ART_1_30_500_VitalDB,(ii) $I(V;\acute{\Theta} \mid \acute{Z})$,0.08545827042294278
SKZFC_ART_1_30_500_VitalDB,(ii) $I(V;\acute{\Theta} \mid \acute{Z})$,0.008899631252378639
SKZFC_ART_1_30_500_VitalDB,(ii) $I(V;\acute{\Theta} \mid \acute{Z})$,0.02677432424774463
SKZFC_ART_1_30_500_VitalDB,(ii) $I(V;\acute{\Theta} \mid \acute{Z})$,0.012533506239023509
SKZFC_ART_1_30_500_VitalDB,(ii) $I(V;\acute{\Theta} \mid \acute{Z})$,0.13049201533692784
SKZFC_ART_1_30_500_VitalDB,(ii) $I(V;\acute{\Theta} \mid \acute{Z})$,0.02170851021023466
SKZFC_ART_1_30_500_VitalDB,(ii) $I(V;\acute{\Theta} \mid \acute{Z})$,0.02720840284912791
SKZFC_ART_1_30_500_VitalDB,(ii) $I(V;\acute{\Theta} \mid \acute{Z})$,0.0076008189922128246
SKZFC_ART_1_30_500_VitalDB,(ii) $I(V;\acute{\Theta} \mid \acute{Z})$,0.13453556477522424
SKZFC_ART_1_30_500_VitalDB,(ii) $I(V;\acute{\Theta} \mid \acute{Z})$,0.019675089619021712
SKZFC_ART_1_30_500_VitalDB,(ii) $I(V;\acute{\Theta} \mid \acute{Z})$,0.2023235894467603
SKZFC_ART_1_30_500_VitalDB,(ii) $I(V;\acute{\Theta} \mid \acute{Z})$,0.07948279439686244
SKZFC_ART_1_30_500_VitalDB,(ii) $I(V;\acute{\Theta} \mid \acute{Z})$,0.06298811427036849
SKZFC_ART_1_30_500_VitalDB,(ii) $I(V;\acute{\Theta} \mid \acute{Z})$,0.07593810035304459
SKZFC_ART_1_30_500_VitalDB,(ii) $I(V;\acute{\Theta} \mid \acute{Z})$,0.013509511041003801
SKZFC_ART_1_30_500_VitalDB,(ii) $I(V;\acute{\Theta} \mid \acute{Z})$,0.061719363864486364
SKZFC_ART_1_30_500_VitalDB,(ii) $I(V;\acute{\Theta} \mid \acute{Z})$,0.008891733423918701
SKZFC_ART_1_30_500_VitalDB,(ii) $I(V;\acute{\Theta} \mid \acute{Z})$,0.17559767176853405
SKZFC_ART_1_30_500_VitalDB,(ii) $I(V;\acute{\Theta} \mid \acute{Z})$,0.10605898733508953
SKZFC_ART_1_30_500_VitalDB,(ii) $I(V;\acute{\Theta} \mid \acute{Z})$,0.012252491492224335
SKZFC_ART_1_30_500_VitalDB,(ii) $I(V;\acute{\Theta} \mid \acute{Z})$,0.011412452103303944
SKZFC_ART_1_30_500_VitalDB,(ii) $I(V;\acute{\Theta} \mid \acute{Z})$,0.14814664269636998
SKZFC_ART_1_30_500_VitalDB,(ii) $I(V;\acute{\Theta} \mid \acute{Z})$,0.023085091864074214
SKZFC_ART_1_30_500_VitalDB,(ii) $I(V;\acute{\Theta} \mid \acute{Z})$,0.14359759223144017
SKZFC_ART_1_30_500_VitalDB,(ii) $I(V;\acute{\Theta} \mid \acute{Z})$,0.18968877897441264
SKZFC_ART_1_30_500_VitalDB,(ii) $I(V;\acute{\Theta} \mid \acute{Z})$,0.01939350044324466
SKZFC_ART_1_30_500_VitalDB,(ii) $I(V;\acute{\Theta} \mid \acute{Z})$,0.009770092091861185
SKZFC_ART_1_30_500_VitalDB,(ii) $I(V;\acute{\Theta} \mid \acute{Z})$,0.012681776382889693
SKZFC_ART_1_30_500_VitalDB,(ii) $I(V;\acute{\Theta} \mid \acute{Z})$,0.01586158240994177
SKZFC_ART_1_30_500_VitalDB,(ii) $I(V;\acute{\Theta} \mid \acute{Z})$,0.025966505657011477
SKZFC_ART_1_30_500_VitalDB,(ii) $I(V;\acute{\Theta} \mid \acute{Z})$,0.06684858690236344
SKZFC_ART_1_30_500_VitalDB,(ii) $I(V;\acute{\Theta} \mid \acute{Z})$,0.08034698607703689
SKZFC_ART_1_30_500_VitalDB,(ii) $I(V;\acute{\Theta} \mid \acute{Z})$,0.012355998535515245
SKZFC_ART_1_30_500_VitalDB,(ii) $I(V;\acute{\Theta} \mid \acute{Z})$,0.11271867055761504
SKZFC_ART_1_30_500_VitalDB,(ii) $I(V;\acute{\Theta} \mid \acute{Z})$,0.09313179683227785
SKZFC_ART_1_30_500_VitalDB,(iii) $I(S;\acute{\Theta} \mid \acute{Z})$,0.8023163365175746
SKZFC_ART_1_30_500_VitalDB,(iii) $I(S;\acute{\Theta} \mid \acute{Z})$,0.8121332262179968
SKZFC_ART_1_30_500_VitalDB,(iii) $I(S;\acute{\Theta} \mid \acute{Z})$,0.8050427096958356
SKZFC_ART_1_30_500_VitalDB,(iii) $I(S;\acute{\Theta} \mid \acute{Z})$,0.8201065402937392
SKZFC_ART_1_30_500_VitalDB,(iii) $I(S;\acute{\Theta} \mid \acute{Z})$,0.8036226369773751
SKZFC_ART_1_30_500_VitalDB,(iii) $I(S;\acute{\Theta} \mid \acute{Z})$,0.8377678121613095
SKZFC_ART_1_30_500_VitalDB,(iii) $I(S;\acute{\Theta} \mid \acute{Z})$,0.8153219531294924
SKZFC_ART_1_30_500_VitalDB,(iii) $I(S;\acute{\Theta} \mid \acute{Z})$,0.8169533967196407
SKZFC_ART_1_30_500_VitalDB,(iii) $I(S;\acute{\Theta} \mid \acute{Z})$,0.8157098237355866
SKZFC_ART_1_30_500_VitalDB,(iii) $I(S;\acute{\Theta} \mid \acute{Z})$,0.8383865624701421
SKZFC_ART_1_30_500_VitalDB,(iii) $I(S;\acute{\Theta} \mid \acute{Z})$,0.8069619560932898
SKZFC_ART_1_30_500_VitalDB,(iii) $I(S;\acute{\Theta} \mid \acute{Z})$,0.8100499526287683
SKZFC_ART_1_30_500_VitalDB,(iii) $I(S;\acute{\Theta} \mid \acute{Z})$,0.7986154917878957
SKZFC_ART_1_30_500_VitalDB,(iii) $I(S;\acute{\Theta} \mid \acute{Z})$,0.8019780109645402
SKZFC_ART_1_30_500_VitalDB,(iii) $I(S;\acute{\Theta} \mid \acute{Z})$,0.8128532440003283
SKZFC_ART_1_30_500_VitalDB,(iii) $I(S;\acute{\Theta} \mid \acute{Z})$,0.7993612483213218
SKZFC_ART_1_30_500_VitalDB,(iii) $I(S;\acute{\Theta} \mid \acute{Z})$,0.8246564280944308
SKZFC_ART_1_30_500_VitalDB,(iii) $I(S;\acute{\Theta} \mid \acute{Z})$,0.8011204316408446
SKZFC_ART_1_30_500_VitalDB,(iii) $I(S;\acute{\Theta} \mid \acute{Z})$,0.8237953318063507
SKZFC_ART_1_30_500_VitalDB,(iii) $I(S;\acute{\Theta} \mid \acute{Z})$,0.8294493329892283
SKZFC_ART_1_30_500_VitalDB,(iii) $I(S;\acute{\Theta} \mid \acute{Z})$,0.8167212009496957
SKZFC_ART_1_30_500_VitalDB,(iii) $I(S;\acute{\Theta} \mid \acute{Z})$,0.8117311095149741
SKZFC_ART_1_30_500_VitalDB,(iii) $I(S;\acute{\Theta} \mid \acute{Z})$,0.8055392337642823
SKZFC_ART_1_30_500_VitalDB,(iii) $I(S;\acute{\Theta} \mid \acute{Z})$,0.7970522075539687
SKZFC_ART_1_30_500_VitalDB,(iii) $I(S;\acute{\Theta} \mid \acute{Z})$,0.8110410313977391
SKZFC_ART_1_30_500_VitalDB,(iii) $I(S;\acute{\Theta} \mid \acute{Z})$,0.8112839225807549
SKZFC_ART_1_30_500_VitalDB,(iii) $I(S;\acute{\Theta} \mid \acute{Z})$,0.7920792194160496
SKZFC_ART_1_30_500_VitalDB,(iii) $I(S;\acute{\Theta} \mid \acute{Z})$,0.813524975139247
SKZFC_ART_1_30_500_VitalDB,(iii) $I(S;\acute{\Theta} \mid \acute{Z})$,0.8109815882943994
SKZFC_ART_1_30_500_VitalDB,(iii) $I(S;\acute{\Theta} \mid \acute{Z})$,0.8182785300292639
SKZFC_ART_1_30_500_VitalDB,(iii) $I(S;\acute{\Theta} \mid \acute{Z})$,0.7898600513893375
SKZFC_ART_1_30_500_VitalDB,(iii) $I(S;\acute{\Theta} \mid \acute{Z})$,0.7939267380703101
SKZFC_ART_1_30_500_VitalDB,(iii) $I(S;\acute{\Theta} \mid \acute{Z})$,0.8209738955144309
SKZFC_ART_1_30_500_VitalDB,(iii) $I(S;\acute{\Theta} \mid \acute{Z})$,0.8127758283730445
SKZFC_ART_1_30_500_VitalDB,(iii) $I(S;\acute{\Theta} \mid \acute{Z})$,0.8129730037401789
SKZFC_ART_1_30_500_VitalDB,(iii) $I(S;\acute{\Theta} \mid \acute{Z})$,0.7999441699281686
SKZFC_ART_1_30_500_VitalDB,(iii) $I(S;\acute{\Theta} \mid \acute{Z})$,0.8065137987713107
SKZFC_ART_1_30_500_VitalDB,(iii) $I(S;\acute{\Theta} \mid \acute{Z})$,0.8160243918702028
SKZFC_ART_1_30_500_VitalDB,(iii) $I(S;\acute{\Theta} \mid \acute{Z})$,0.7998994670227243
SKZFC_ART_1_30_500_VitalDB,(iii) $I(S;\acute{\Theta} \mid \acute{Z})$,0.8177738196326433
SKZFC_ART_1_30_500_VitalDB,(iii) $I(S;\acute{\Theta} \mid \acute{Z})$,0.8149969125204128
SKZFC_ART_1_30_500_VitalDB,(iii) $I(S;\acute{\Theta} \mid \acute{Z})$,0.8091012579397632
SKZFC_ART_1_30_500_VitalDB,(iii) $I(S;\acute{\Theta} \mid \acute{Z})$,0.8239773792700027
SKZFC_ART_1_30_500_VitalDB,(iii) $I(S;\acute{\Theta} \mid \acute{Z})$,0.8111693114652199
SKZFC_ART_1_30_500_VitalDB,(iii) $I(S;\acute{\Theta} \mid \acute{Z})$,0.7960757231371831
SKZFC_ART_1_30_500_VitalDB,(iii) $I(S;\acute{\Theta} \mid \acute{Z})$,0.8099466329371109
SKZFC_ART_1_30_500_VitalDB,(iii) $I(S;\acute{\Theta} \mid \acute{Z})$,0.8225805791479252
SKZFC_ART_1_30_500_VitalDB,(iii) $I(S;\acute{\Theta} \mid \acute{Z})$,0.8081304411366383
SKZFC_ART_1_30_500_VitalDB,(iii) $I(S;\acute{\Theta} \mid \acute{Z})$,0.8007984907095659
SKZFC_ART_1_30_500_VitalDB,(iii) $I(S;\acute{\Theta} \mid \acute{Z})$,0.8008494696179477
SKZFC_ART_1_30_500_VitalDB,(iii) $I(S;\acute{\Theta} \mid \acute{Z})$,0.8038998500040476
SKZFC_ART_1_30_500_VitalDB,(iii) $I(S;\acute{\Theta} \mid \acute{Z})$,0.806822515552934
SKZFC_ART_1_30_500_VitalDB,(iii) $I(S;\acute{\Theta} \mid \acute{Z})$,0.8098712174080507
SKZFC_ART_1_30_500_VitalDB,(iii) $I(S;\acute{\Theta} \mid \acute{Z})$,0.819286916363106
SKZFC_ART_1_30_500_VitalDB,(iii) $I(S;\acute{\Theta} \mid \acute{Z})$,0.8026977311455892
SKZFC_ART_1_30_500_VitalDB,(iii) $I(S;\acute{\Theta} \mid \acute{Z})$,0.8115664237973735
SKZFC_ART_1_30_500_VitalDB,(iii) $I(S;\acute{\Theta} \mid \acute{Z})$,0.8076127589911464
SKZFC_ART_1_30_500_VitalDB,(iii) $I(S;\acute{\Theta} \mid \acute{Z})$,0.803675933815371
SKZFC_ART_1_30_500_VitalDB,(iii) $I(S;\acute{\Theta} \mid \acute{Z})$,0.8037301791398731
SKZFC_ART_1_30_500_VitalDB,(iii) $I(S;\acute{\Theta} \mid \acute{Z})$,0.8234527072779402
SKZFC_ART_1_30_500_VitalDB,(iii) $I(S;\acute{\Theta} \mid \acute{Z})$,0.830475567262806
SKZFC_ART_1_30_500_VitalDB,(iii) $I(S;\acute{\Theta} \mid \acute{Z})$,0.8117591529535502
SKZFC_ART_1_30_500_VitalDB,(iii) $I(S;\acute{\Theta} \mid \acute{Z})$,0.816127180263208
SKZFC_ART_1_30_500_VitalDB,(iii) $I(S;\acute{\Theta} \mid \acute{Z})$,0.8120822975960879
SKZFC_ART_1_30_500_VitalDB,(iii) $I(S;\acute{\Theta} \mid \acute{Z})$,0.8090691664978573
SKZFC_ART_1_30_500_VitalDB,(iii) $I(S;\acute{\Theta} \mid \acute{Z})$,0.8218216616338516
SKZFC_ART_1_30_500_VitalDB,(iii) $I(S;\acute{\Theta} \mid \acute{Z})$,0.8076573795990627
SKZFC_ART_1_30_500_VitalDB,(iii) $I(S;\acute{\Theta} \mid \acute{Z})$,0.8143220332450152
SKZFC_ART_1_30_500_VitalDB,(iii) $I(S;\acute{\Theta} \mid \acute{Z})$,0.808903466999699
SKZFC_ART_1_30_500_VitalDB,(iii) $I(S;\acute{\Theta} \mid \acute{Z})$,0.8119830589102781
SKZFC_ART_1_30_500_VitalDB,(iii) $I(S;\acute{\Theta} \mid \acute{Z})$,0.8130602204593487
SKZFC_ART_1_30_500_VitalDB,(iii) $I(S;\acute{\Theta} \mid \acute{Z})$,0.8136319828781339
SKZFC_ART_1_30_500_VitalDB,(iii) $I(S;\acute{\Theta} \mid \acute{Z})$,0.8134211095673323
SKZFC_ART_1_30_500_VitalDB,(iii) $I(S;\acute{\Theta} \mid \acute{Z})$,0.811268546111209
SKZFC_ART_1_30_500_VitalDB,(iii) $I(S;\acute{\Theta} \mid \acute{Z})$,0.82319995161364
SKZFC_ART_1_30_500_VitalDB,(iii) $I(S;\acute{\Theta} \mid \acute{Z})$,0.7869131216774353
SKZFC_ART_1_30_500_VitalDB,(iii) $I(S;\acute{\Theta} \mid \acute{Z})$,0.8272585071810493
SKZFC_ART_1_30_500_VitalDB,(iii) $I(S;\acute{\Theta} \mid \acute{Z})$,0.8050963654951628
SKZFC_ART_1_30_500_VitalDB,(iii) $I(S;\acute{\Theta} \mid \acute{Z})$,0.8063834803656219
SKZFC_ART_1_30_500_VitalDB,(iii) $I(S;\acute{\Theta} \mid \acute{Z})$,0.8252080254024521
SKZFC_ART_1_30_500_VitalDB,(iii) $I(S;\acute{\Theta} \mid \acute{Z})$,0.8152224297885527
SKZFC_ART_1_30_500_VitalDB,(iii) $I(S;\acute{\Theta} \mid \acute{Z})$,0.814238411985162
SKZFC_ART_1_30_500_VitalDB,(iii) $I(S;\acute{\Theta} \mid \acute{Z})$,0.8143115406663461
SKZFC_ART_1_30_500_VitalDB,(iii) $I(S;\acute{\Theta} \mid \acute{Z})$,0.7833586513762077
SKZFC_ART_1_30_500_VitalDB,(iii) $I(S;\acute{\Theta} \mid \acute{Z})$,0.809243939349815
SKZFC_ART_1_30_500_VitalDB,(iii) $I(S;\acute{\Theta} \mid \acute{Z})$,0.8094903715344316
SKZFC_ART_1_30_500_VitalDB,(iii) $I(S;\acute{\Theta} \mid \acute{Z})$,0.796178625634722
SKZFC_ART_1_30_500_VitalDB,(iii) $I(S;\acute{\Theta} \mid \acute{Z})$,0.8122928860908157
SKZFC_ART_1_30_500_VitalDB,(iii) $I(S;\acute{\Theta} \mid \acute{Z})$,0.7956677585359188
SKZFC_ART_1_30_500_VitalDB,(iii) $I(S;\acute{\Theta} \mid \acute{Z})$,0.816264858295918
SKZFC_ART_1_30_500_VitalDB,(iii) $I(S;\acute{\Theta} \mid \acute{Z})$,0.8160491544402914
SKZFC_ART_1_30_500_VitalDB,(iii) $I(S;\acute{\Theta} \mid \acute{Z})$,0.805800837241111
SKZFC_ART_1_30_500_VitalDB,(iii) $I(S;\acute{\Theta} \mid \acute{Z})$,0.7834080338435438
SKZFC_ART_1_30_500_VitalDB,(iii) $I(S;\acute{\Theta} \mid \acute{Z})$,0.7981689867936044
SKZFC_ART_1_30_500_VitalDB,(iii) $I(S;\acute{\Theta} \mid \acute{Z})$,0.8279411698420504
SKZFC_ART_1_30_500_VitalDB,(iii) $I(S;\acute{\Theta} \mid \acute{Z})$,0.8051146824957143
SKZFC_ART_1_30_500_VitalDB,(iii) $I(S;\acute{\Theta} \mid \acute{Z})$,0.8207680801450233
SKZFC_ART_1_30_500_VitalDB,(iii) $I(S;\acute{\Theta} \mid \acute{Z})$,0.8055167785747527
SKZFC_ART_1_30_500_VitalDB,(iii) $I(S;\acute{\Theta} \mid \acute{Z})$,0.8159070217358046
SKZFC_ART_1_30_500_VitalDB,(iii) $I(S;\acute{\Theta} \mid \acute{Z})$,0.8106772608460371
SKZFC_ART_1_30_500_VitalDB,(iii) $I(S;\acute{\Theta} \mid \acute{Z})$,0.8180687774498522
SKZFC_ART_1_30_500_VitalDB,(iii) $I(S;\acute{\Theta} \mid \acute{Z})$,0.806780956960616
SKZFC_ART_1_30_500_VitalDB,(iii) $I(S;\acute{\Theta} \mid \acute{Z})$,0.8016634856635512
SKZFC_ART_1_30_500_VitalDB,(iii) $I(S;\acute{\Theta} \mid \acute{Z})$,0.8285684947104892
SKZFC_ART_1_30_500_VitalDB,(iii) $I(S;\acute{\Theta} \mid \acute{Z})$,0.8304747222614236
SKZFC_ART_1_30_500_VitalDB,(iii) $I(S;\acute{\Theta} \mid \acute{Z})$,0.8343381284283313
SKZFC_ART_1_30_500_VitalDB,(iii) $I(S;\acute{\Theta} \mid \acute{Z})$,0.8323242406668347
SKZFC_ART_1_30_500_VitalDB,(iii) $I(S;\acute{\Theta} \mid \acute{Z})$,0.8054319457454885
SKZFC_ART_1_30_500_VitalDB,(iii) $I(S;\acute{\Theta} \mid \acute{Z})$,0.8000488624659128
SKZFC_ART_1_30_500_VitalDB,(iii) $I(S;\acute{\Theta} \mid \acute{Z})$,0.8166555109314959
SKZFC_ART_1_30_500_VitalDB,(iii) $I(S;\acute{\Theta} \mid \acute{Z})$,0.8099466474673263
SKZFC_ART_1_30_500_VitalDB,(iii) $I(S;\acute{\Theta} \mid \acute{Z})$,0.7925236401457885
SKZFC_ART_1_30_500_VitalDB,(iii) $I(S;\acute{\Theta} \mid \acute{Z})$,0.8049912649441369
SKZFC_ART_1_30_500_VitalDB,(iii) $I(S;\acute{\Theta} \mid \acute{Z})$,0.8114933859193358
SKZFC_ART_1_30_500_VitalDB,(iii) $I(S;\acute{\Theta} \mid \acute{Z})$,0.8270120935620701
SKZFC_ART_1_30_500_VitalDB,(iii) $I(S;\acute{\Theta} \mid \acute{Z})$,0.8115784274208441
SKZFC_ART_1_30_500_VitalDB,(iii) $I(S;\acute{\Theta} \mid \acute{Z})$,0.8153457912561385
SKZFC_ART_1_30_500_VitalDB,(iii) $I(S;\acute{\Theta} \mid \acute{Z})$,0.8124430700020558
SKZFC_ART_1_30_500_VitalDB,(iii) $I(S;\acute{\Theta} \mid \acute{Z})$,0.8077225901169333
SKZFC_ART_1_30_500_VitalDB,(iii) $I(S;\acute{\Theta} \mid \acute{Z})$,0.802755539268198
SKZFC_ART_1_30_500_VitalDB,(iii) $I(S;\acute{\Theta} \mid \acute{Z})$,0.8048067063820927
SKZFC_ART_1_30_500_VitalDB,(iii) $I(S;\acute{\Theta} \mid \acute{Z})$,0.8341615548556217
SKZFC_ART_1_30_500_VitalDB,(iii) $I(S;\acute{\Theta} \mid \acute{Z})$,0.8234042525304658
SKZFC_ART_1_30_500_VitalDB,(iii) $I(S;\acute{\Theta} \mid \acute{Z})$,0.8029027773456415
SKZFC_ART_1_30_500_VitalDB,(iii) $I(S;\acute{\Theta} \mid \acute{Z})$,0.8091176036636746
SKZFC_ART_1_30_500_VitalDB,(iii) $I(S;\acute{\Theta} \mid \acute{Z})$,0.7975522748616568
SKZFC_ART_1_30_500_VitalDB,(iii) $I(S;\acute{\Theta} \mid \acute{Z})$,0.7974142638609689
SKZFC_ART_1_30_500_VitalDB,(iii) $I(S;\acute{\Theta} \mid \acute{Z})$,0.7925454664918742
SKZFC_ART_1_30_500_VitalDB,(iii) $I(S;\acute{\Theta} \mid \acute{Z})$,0.8160763833252122
SKZFC_ART_1_30_500_VitalDB,(iii) $I(S;\acute{\Theta} \mid \acute{Z})$,0.8215589216748191
SKZFC_ART_1_30_500_VitalDB,(iii) $I(S;\acute{\Theta} \mid \acute{Z})$,0.8098351921397723
SKZFC_ART_1_30_500_VitalDB,(iii) $I(S;\acute{\Theta} \mid \acute{Z})$,0.835929772442208
SKZFC_ART_1_30_500_VitalDB,(iii) $I(S;\acute{\Theta} \mid \acute{Z})$,0.8001377571897902
SKZFC_ART_1_30_500_VitalDB,(iii) $I(S;\acute{\Theta} \mid \acute{Z})$,0.8281399234244075
SKZFC_ART_1_30_500_VitalDB,(iii) $I(S;\acute{\Theta} \mid \acute{Z})$,0.8090672827401525
SKZFC_ART_1_30_500_VitalDB,(iii) $I(S;\acute{\Theta} \mid \acute{Z})$,0.8052564714531392
SKZFC_ART_1_30_500_VitalDB,(iii) $I(S;\acute{\Theta} \mid \acute{Z})$,0.8124287236910971
SKZFC_ART_1_30_500_VitalDB,(iii) $I(S;\acute{\Theta} \mid \acute{Z})$,0.7917300451739183
SKZFC_ART_1_30_500_VitalDB,(iii) $I(S;\acute{\Theta} \mid \acute{Z})$,0.8303995715928287
SKZFC_ART_1_30_500_VitalDB,(iii) $I(S;\acute{\Theta} \mid \acute{Z})$,0.8343243507075939
SKZFC_ART_1_30_500_VitalDB,(iii) $I(S;\acute{\Theta} \mid \acute{Z})$,0.8235013235710125
SKZFC_ART_1_30_500_VitalDB,(iii) $I(S;\acute{\Theta} \mid \acute{Z})$,0.8258946976457806
SKZFC_ART_1_30_500_VitalDB,(iii) $I(S;\acute{\Theta} \mid \acute{Z})$,0.8259936875774866
SKZFC_ART_1_30_500_VitalDB,(iii) $I(S;\acute{\Theta} \mid \acute{Z})$,0.8240210860999774
SKZFC_ART_1_30_500_VitalDB,(iii) $I(S;\acute{\Theta} \mid \acute{Z})$,0.7920132288765884
SKZFC_ART_1_30_500_VitalDB,(iii) $I(S;\acute{\Theta} \mid \acute{Z})$,0.8102715285234865
SKZFC_ART_1_30_500_VitalDB,(iii) $I(S;\acute{\Theta} \mid \acute{Z})$,0.8349797951749203
SKZFC_ART_1_30_500_VitalDB,(iii) $I(S;\acute{\Theta} \mid \acute{Z})$,0.821002450586329
SKZFC_ART_1_30_500_VitalDB,(iii) $I(S;\acute{\Theta} \mid \acute{Z})$,0.8069300699620355
SKZFC_ART_1_30_500_VitalDB,(iii) $I(S;\acute{\Theta} \mid \acute{Z})$,0.7983160978884704
SKZFC_ART_1_30_500_VitalDB,(iii) $I(S;\acute{\Theta} \mid \acute{Z})$,0.8097493176085346
SKZFC_ART_1_30_500_VitalDB,(iii) $I(S;\acute{\Theta} \mid \acute{Z})$,0.8040606399467047
SKZFC_ART_1_30_500_VitalDB,(iii) $I(S;\acute{\Theta} \mid \acute{Z})$,0.8132422003882418
SKZFC_ART_1_30_500_VitalDB,(iii) $I(S;\acute{\Theta} \mid \acute{Z})$,0.8141991000514295
SKZFC_ART_1_30_500_VitalDB,(iii) $I(S;\acute{\Theta} \mid \acute{Z})$,0.8287876897502542
SKZFC_ART_1_30_500_VitalDB,(iii) $I(S;\acute{\Theta} \mid \acute{Z})$,0.8084351703479362
SKZFC_ART_1_30_500_VitalDB,(iii) $I(S;\acute{\Theta} \mid \acute{Z})$,0.817226006640862
SKZFC_ART_1_30_500_VitalDB,(iii) $I(S;\acute{\Theta} \mid \acute{Z})$,0.8178731271144499
SKZFC_ART_1_30_500_VitalDB,(iii) $I(S;\acute{\Theta} \mid \acute{Z})$,0.7970766583877463
SKZFC_ART_1_30_500_VitalDB,(iii) $I(S;\acute{\Theta} \mid \acute{Z})$,0.8086052693984499
SKZFC_ART_1_30_500_VitalDB,(iii) $I(S;\acute{\Theta} \mid \acute{Z})$,0.8288669286380309
SKZFC_ART_1_30_500_VitalDB,(iii) $I(S;\acute{\Theta} \mid \acute{Z})$,0.816067759575283
SKZFC_ART_1_30_500_VitalDB,(iii) $I(S;\acute{\Theta} \mid \acute{Z})$,0.7900876894398998
SKZFC_ART_1_30_500_VitalDB,(iii) $I(S;\acute{\Theta} \mid \acute{Z})$,0.8051380325870302
SKZFC_ART_1_30_500_VitalDB,(iii) $I(S;\acute{\Theta} \mid \acute{Z})$,0.8281633747456729
SKZFC_ART_1_30_500_VitalDB,(iii) $I(S;\acute{\Theta} \mid \acute{Z})$,0.806124926703715
SKZFC_ART_1_30_500_VitalDB,(iii) $I(S;\acute{\Theta} \mid \acute{Z})$,0.8013679936330693
SKZFC_ART_1_30_500_VitalDB,(iii) $I(S;\acute{\Theta} \mid \acute{Z})$,0.8148038312475466
SKZFC_ART_1_30_500_VitalDB,(iii) $I(S;\acute{\Theta} \mid \acute{Z})$,0.8083165454580498
SKZFC_ART_1_30_500_VitalDB,(iii) $I(S;\acute{\Theta} \mid \acute{Z})$,0.7905916682471754
SKZFC_ART_1_30_500_VitalDB,(iii) $I(S;\acute{\Theta} \mid \acute{Z})$,0.8167679617863661
SKZFC_ART_1_30_500_VitalDB,(iii) $I(S;\acute{\Theta} \mid \acute{Z})$,0.8304857604073022
SKZFC_ART_1_30_500_VitalDB,(iii) $I(S;\acute{\Theta} \mid \acute{Z})$,0.8042449198694709
SKZFC_ART_1_30_500_VitalDB,(iii) $I(S;\acute{\Theta} \mid \acute{Z})$,0.8024603097211256
SKZFC_ART_1_30_500_VitalDB,(iii) $I(S;\acute{\Theta} \mid \acute{Z})$,0.7974588243128312
SKZFC_ART_1_30_500_VitalDB,(iii) $I(S;\acute{\Theta} \mid \acute{Z})$,0.8115615223626041
SKZFC_ART_1_30_500_VitalDB,(iii) $I(S;\acute{\Theta} \mid \acute{Z})$,0.8257277704189443
SKZFC_ART_1_30_500_VitalDB,(iii) $I(S;\acute{\Theta} \mid \acute{Z})$,0.7898502131795635
SKZFC_ART_1_30_500_VitalDB,(iii) $I(S;\acute{\Theta} \mid \acute{Z})$,0.8092782733142161
SKZFC_ART_1_30_500_VitalDB,(iii) $I(S;\acute{\Theta} \mid \acute{Z})$,0.808449011892775
SKZFC_ART_1_30_500_VitalDB,(iii) $I(S;\acute{\Theta} \mid \acute{Z})$,0.795098885230896
SKZFC_ART_1_30_500_VitalDB,(iii) $I(S;\acute{\Theta} \mid \acute{Z})$,0.8199703726902327
SKZFC_ART_1_30_500_VitalDB,(iii) $I(S;\acute{\Theta} \mid \acute{Z})$,0.8025234096319663
SKZFC_ART_1_30_500_VitalDB,(iii) $I(S;\acute{\Theta} \mid \acute{Z})$,0.8147184608018573
SKZFC_ART_1_30_500_VitalDB,(iii) $I(S;\acute{\Theta} \mid \acute{Z})$,0.7934791874830064
SKZFC_ART_1_30_500_VitalDB,(iii) $I(S;\acute{\Theta} \mid \acute{Z})$,0.8204974474408822
SKZFC_ART_1_30_500_VitalDB,(iii) $I(S;\acute{\Theta} \mid \acute{Z})$,0.7973050151612618
SKZFC_ART_1_30_500_VitalDB,(iii) $I(S;\acute{\Theta} \mid \acute{Z})$,0.7984042923476409
SKZFC_ART_1_30_500_VitalDB,(iii) $I(S;\acute{\Theta} \mid \acute{Z})$,0.8130176446481872
SKZFC_ART_1_30_500_VitalDB,(iii) $I(S;\acute{\Theta} \mid \acute{Z})$,0.7951536463087082
SKZFC_ART_1_30_500_VitalDB,(iii) $I(S;\acute{\Theta} \mid \acute{Z})$,0.8018189887730288
SKZFC_ART_1_30_500_VitalDB,(iii) $I(S;\acute{\Theta} \mid \acute{Z})$,0.8157771151183489
SKZFC_ART_1_30_500_VitalDB,(iii) $I(S;\acute{\Theta} \mid \acute{Z})$,0.801819940288118
SKZFC_ART_1_30_500_VitalDB,(iii) $I(S;\acute{\Theta} \mid \acute{Z})$,0.8189303678831585
SKZFC_ART_1_30_500_VitalDB,(iii) $I(S;\acute{\Theta} \mid \acute{Z})$,0.8173957437953944
SKZFC_ART_1_30_500_VitalDB,(iii) $I(S;\acute{\Theta} \mid \acute{Z})$,0.8135926507298946
SKZFC_ART_1_30_500_VitalDB,(iii) $I(S;\acute{\Theta} \mid \acute{Z})$,0.7956453836926868
SKZFC_ART_1_30_500_VitalDB,(iii) $I(S;\acute{\Theta} \mid \acute{Z})$,0.8003821218976612
SKZFC_ART_1_30_500_VitalDB,(iii) $I(S;\acute{\Theta} \mid \acute{Z})$,0.8347178837888802
SKZFC_ART_1_30_500_VitalDB,(iii) $I(S;\acute{\Theta} \mid \acute{Z})$,0.8145236018399693
